-- phpMyAdmin SQL Dump
-- version 4.0.10deb1
-- http://www.phpmyadmin.net
--
-- Host: localhost
-- Generation Time: Mar 25, 2016 at 02:46 PM
-- Server version: 5.5.43-0ubuntu0.14.04.1
-- PHP Version: 5.6.15-1+deb.sury.org~trusty+1

SET SQL_MODE = "NO_AUTO_VALUE_ON_ZERO";
SET time_zone = "+00:00";


/*!40101 SET @OLD_CHARACTER_SET_CLIENT=@@CHARACTER_SET_CLIENT */;
/*!40101 SET @OLD_CHARACTER_SET_RESULTS=@@CHARACTER_SET_RESULTS */;
/*!40101 SET @OLD_COLLATION_CONNECTION=@@COLLATION_CONNECTION */;
/*!40101 SET NAMES utf8 */;

--
-- Database: `eat_together`
--

-- --------------------------------------------------------

--
-- Table structure for table `customers`
--

CREATE TABLE IF NOT EXISTS `customers` (
  `id` int(11) unsigned NOT NULL AUTO_INCREMENT,
  `password` varchar(100) NOT NULL,
  `name` varchar(50) DEFAULT NULL,
  `email` varchar(100) NOT NULL,
  `telephone` varchar(20) NOT NULL DEFAULT '',
  `restaurant_id` int(11) DEFAULT NULL COMMENT 'user permission identifier',
  `wechat` varchar(50) DEFAULT NULL,
  `address` varchar(200) DEFAULT NULL,
  `postal_code` varchar(20) DEFAULT NULL,
  `profile_image_url` varchar(255) DEFAULT NULL,
  `enabled` tinyint(1) NOT NULL DEFAULT '0',
  `enable_code` varchar(100) DEFAULT NULL,
  `verification_code` varchar(64) DEFAULT NULL,
  `last_time_message` datetime NOT NULL,
  `created` datetime DEFAULT NULL,
  `modified` datetime DEFAULT NULL,
  PRIMARY KEY (`id`)
) ENGINE=InnoDB  DEFAULT CHARSET=utf8 AUTO_INCREMENT=359 ;

--
-- Dumping data for table `customers`
--

INSERT INTO `customers` (`id`, `password`, `name`, `email`, `telephone`, `restaurant_id`, `wechat`, `address`, `postal_code`, `profile_image_url`, `enabled`, `enable_code`, `verification_code`, `last_time_message`, `created`, `modified`) VALUES
(104, '33078a838f890d8fd6a98a6110cb6d04eeea137c6554a0b89850d37c35b5ffb0', 'UO送餐员', 'uo@uo.com', '613-111-1111', 21, NULL, NULL, NULL, NULL, 1, '5589f3afc3e843628aaf1e1c2d37a4ae', NULL, '0000-00-00 00:00:00', '2015-06-23 20:02:55', '2015-06-23 20:02:55'),
(105, '33078a838f890d8fd6a98a6110cb6d04eeea137c6554a0b89850d37c35b5ffb0', 'CU送餐员', 'cu@cu.com', '613-222-2222', 23, NULL, NULL, NULL, NULL, 1, '5589f3d790e4477abdbf60242d37a4ae', NULL, '0000-00-00 00:00:00', '2015-06-23 20:03:35', '2015-06-23 20:03:35'),
(106, '33078a838f890d8fd6a98a6110cb6d04eeea137c6554a0b89850d37c35b5ffb0', 'AC送餐员', 'ac@ac.com', '613-333-3333', 24, NULL, NULL, NULL, NULL, 1, '5589f4708a00446c81866a812d37a4ae', NULL, '0000-00-00 00:00:00', '2015-06-23 20:06:08', '2015-06-23 20:06:08'),
(107, '33078a838f890d8fd6a98a6110cb6d04eeea137c6554a0b89850d37c35b5ffb0', 'LEES送餐员', 'lees@lees.com', '613-444-4444', 26, NULL, NULL, NULL, NULL, 1, '5589f4c17e04495e85dc60202d37a4ae', NULL, '0000-00-00 00:00:00', '2015-06-23 20:07:29', '2015-06-23 20:07:29'),
(208, '7c8bd219039d2350fbfbb759ab62574130b10cefb09ef10269107c664202ed24', '欧阳', 'oybin1989@hotmail.com', '613-890-5518', NULL, NULL, NULL, NULL, NULL, 1, '178958', '639305', '2015-09-10 00:24:22', '2015-08-17 19:34:21', '2015-09-10 00:24:45'),
(209, 'eb3c92f2f104d81ec4a77a5d7bc0647bd8c2884b4d0dfc0ad2f21279ce96c822', NULL, 'weiwei100fun@hotmail.com', '613-261-3036', NULL, NULL, NULL, NULL, NULL, 1, '306218', '823626', '2015-09-17 12:43:30', '2015-08-17 19:38:27', '2015-09-17 12:43:53'),
(210, '8f5a262882cbccdb12f7c2b211abe4df1d427f2f19c1a1fa84811b1bdee3774e', NULL, 'coolerlee90@gmail.com', '613-255-3515', NULL, NULL, NULL, NULL, NULL, 1, '868511', '160860', '2015-08-17 20:37:27', '2015-08-17 20:24:28', '2015-08-17 20:37:27'),
(212, '6186a6d1063541e6ecce6c54271fe5d28f82cf21008043294973f58f1e73de83', NULL, 'example@example.com', '613-262-6188', NULL, NULL, NULL, NULL, NULL, 1, '478782', '896606', '2015-09-10 00:50:18', '2015-08-17 22:33:25', '2015-09-10 00:50:18'),
(213, 'c61bc8d6bdf6c0f7aafff422faf3c2f3c5603044b8ef3e55765e11e62241e375', NULL, 'xiejames0527@gmail.com', '613-600-1852', NULL, NULL, NULL, NULL, NULL, 1, '347453', NULL, '2015-08-18 21:50:12', '2015-08-18 21:50:12', '2015-08-18 21:51:02'),
(214, 'da99e09a3b7de7ac74167b63776f7550fca54c43c093e0872e8039ddf9b40934', NULL, 'glorialau29@gmail.com', '613-265-0175', NULL, NULL, NULL, NULL, NULL, 1, '609551', NULL, '2015-08-20 10:35:10', '2015-08-20 10:35:10', '2015-08-20 10:35:50'),
(215, '2cd8eac2bef5c9e0fbf4dda5ad1bd5ca78fde44b44880d85fd6418d5f686f1b4', NULL, 'amber.v1225@gmail.com', '613-620-5827', NULL, NULL, NULL, NULL, NULL, 1, '660058', '623192', '2015-09-07 20:04:17', '2015-08-26 07:55:59', '2015-09-07 20:04:47'),
(216, 'bdd0cd3799a2e2f14637c2b4b5c0f540842b65c35e6e9dbacc23c75802561c09', NULL, 'weiwenlin1990@gmail.com', '613-252-3056', NULL, NULL, NULL, NULL, NULL, 1, '976798', NULL, '2015-08-26 19:40:54', '2015-08-26 19:40:54', '2015-08-26 19:41:29'),
(217, '866c50709315584afe9c04a647e502b1648f6b90cd3d698d391cc6c914299193', NULL, 'mikehhg0415@gmail.com', '613-262-6488', NULL, NULL, NULL, NULL, NULL, 1, '237431', NULL, '2015-09-06 14:15:10', '2015-09-06 14:15:11', '2015-09-06 14:15:41'),
(218, 'd291d9cfdc0e6e34710b60926e31cc8b0dda18daceaaf05b0ca75f79f248ba02', NULL, 'yfu069@uottawa.ca', '613-252-8528', NULL, NULL, NULL, NULL, NULL, 1, '876042', NULL, '2015-09-06 14:16:12', '2015-09-06 14:16:12', '2015-09-06 14:16:43'),
(219, '32ca989b6e02d74a94611f3234c034283f22b0d03c2baa70f6f332d2dc18780a', NULL, '1986515839@qq.com', '343-777-7886', NULL, NULL, NULL, NULL, NULL, 1, '481612', NULL, '2015-09-06 14:44:02', '2015-09-06 14:44:02', '2015-09-06 14:44:33'),
(220, 'e0a9074c6abc7dfd566132a0ae7a6ce976d54998ba9c762df6245fd41598f45f', NULL, 'tt3708@163.com', '343-777-6425', NULL, NULL, NULL, NULL, NULL, 1, '227220', NULL, '2015-09-06 18:07:01', '2015-09-06 18:07:01', '2015-09-06 18:07:43'),
(221, 'd35f83f00e5f6d040a0ca1ed795379eae05e2d17d333790ef0fd8824621d82cb', NULL, 'freesu027@gmail.com', '613-265-6007', NULL, NULL, NULL, NULL, NULL, 1, '184878', NULL, '2015-09-07 19:50:52', '2015-09-07 19:50:53', '2015-09-07 19:51:30'),
(222, '84205e2f02de6dbaa6f7f47bf0afa1309b48393523a124d3b4c0dccfd000f3f1', 'Carmen', 'danhumanmus@gmail.com', '613-618-9330', NULL, NULL, NULL, NULL, NULL, 1, '483914', NULL, '2015-09-07 19:52:11', '2015-09-07 19:52:12', '2015-09-07 19:53:37'),
(223, '6339044d6411e952e738169f8b270b06a8d2f92b0a43795c52f994fbf27fe340', NULL, 'example@example.com', '613-866-9483', NULL, NULL, NULL, NULL, NULL, 0, '910181', NULL, '2015-09-07 19:55:34', '2015-09-07 19:52:26', '2015-09-07 19:55:34'),
(224, 'd704d1a411909e4172441e507ef4aa6ac46efab50287fb073328545b18fad2a3', NULL, 'yinjunjie92@gmail.com', '613-716-8136', NULL, NULL, NULL, NULL, NULL, 1, '100360', NULL, '2015-09-07 19:53:57', '2015-09-07 19:53:57', '2015-09-07 19:54:32'),
(225, '6186a6d1063541e6ecce6c54271fe5d28f82cf21008043294973f58f1e73de83', NULL, 'mazhirui@hotmail.com', '613-261-8892', NULL, NULL, NULL, NULL, NULL, 1, '771739', '274064', '2015-09-17 11:18:06', '2015-09-07 19:55:54', '2015-09-17 11:18:47'),
(226, '126500f73c6496eee6eb2c747cd0062c90017975577adb9cbce8387afb469041', NULL, 'corrine0701@gmail.com', '613-866-9453', NULL, NULL, NULL, NULL, NULL, 1, '296690', '453760', '2015-09-30 17:45:45', '2015-09-07 19:57:49', '2015-09-30 17:46:20'),
(227, 'ed2d89b52951c447789d6e72406a31d5db2cc0de9cc3e9dbda5b2a08dedc8d1d', NULL, 'evelynliu610@gmail.com', '613-869-0101', NULL, NULL, NULL, NULL, NULL, 1, '188298', NULL, '2015-09-10 00:11:49', '2015-09-10 00:11:49', '2015-09-10 00:12:22'),
(228, '171b89da75b5bae0d701d80230949708dceff2620721b85c6364c321eef3273d', '柳', 'e.wingus@gmail.com', '613-261-6094', NULL, NULL, NULL, NULL, NULL, 1, '336856', '285141', '2015-10-26 11:38:42', '2015-09-10 10:19:04', '2015-10-26 11:38:42'),
(229, '4fbd96812e668c791966360f287e54df2445345029da568caf0468c6d22fc1ef', 'Phillip', 'phillip_fy@hotmail.com', '613-864-7337', NULL, NULL, NULL, NULL, NULL, 1, '591945', NULL, '2015-09-10 10:44:43', '2015-09-10 10:44:44', '2015-09-10 10:46:08'),
(230, '2f5c80b2e1505afe176c2e6ccf045353e3ae698d023439f0994d64e90886a6b2', NULL, 'zijindong@gmail.com', '613-869-4097', NULL, NULL, NULL, NULL, NULL, 1, '852045', NULL, '2015-09-10 11:09:06', '2015-09-10 11:09:07', '2015-09-10 11:09:34'),
(231, '9d4815238097feb21b5f2d7a7634d111d61462210bd48a035404d18e27e0af92', 'Leo', '120039015@qq.com', '613-600-5847', NULL, NULL, NULL, NULL, NULL, 1, '473791', NULL, '2015-09-10 11:25:01', '2015-09-10 11:25:01', '2015-09-10 11:25:41'),
(232, '7845a8d6bdf510bbf98f4228e6fdfd77fc7171ace2ec30c4f997f56fcd52ed43', NULL, 'example@example.com', '613-608-8262', NULL, NULL, NULL, NULL, NULL, 0, '339168', '705883', '2015-09-10 13:52:01', '2015-09-10 13:50:45', '2015-09-10 13:52:41'),
(233, 'cb75762827946f3f013ab61cd9510fc8cf979af1ca1141d7cbf832a67cd4f8bf', NULL, 'ydmouse1028@gmail.com', '613-600-7986', NULL, NULL, NULL, NULL, NULL, 1, '695027', NULL, '2015-09-10 14:23:14', '2015-09-10 14:23:14', '2015-09-10 14:23:40'),
(234, '37a78f9a6275c93c30d8497e9eb6fa1ef08f90f2b013fb2c85f68a63aff7969f', NULL, 'glwjh1990@gmail.com', '613-807-0126', NULL, NULL, NULL, NULL, NULL, 1, '203312', NULL, '2015-09-10 14:29:19', '2015-09-10 14:29:19', '2015-09-10 14:30:39'),
(235, '70dae1b7aa681eda3b38291b5b6c8b997e7b7468f3a21ad8f26f996a5289fbaf', NULL, 'czhan107@uottawa.ca', '613-890-6828', NULL, NULL, NULL, NULL, NULL, 1, '887658', NULL, '2015-09-10 15:12:50', '2015-09-10 15:12:50', '2015-09-10 15:14:01'),
(236, 'a8ee6a4bb50fc44d1fcc63febb8125e90a28ea3dc54360401a9445cecfcc23d1', NULL, '2955357110@qq.com', '613-863-9980', NULL, NULL, NULL, NULL, NULL, 1, '928359', NULL, '2015-09-10 15:23:59', '2015-09-10 15:24:00', '2015-09-10 15:25:27'),
(237, 'dbd0797d686c7cfd4db31582d895c0307fae87d83621134aa421fe9303eeab9e', NULL, 'lzl19920403@gmail.com', '613-265-2915', NULL, NULL, NULL, NULL, NULL, 1, '209160', NULL, '2015-09-10 16:14:27', '2015-09-10 16:14:28', '2015-09-10 16:14:51'),
(238, '51986eb7b8626a3da780caf7b9f25e5a6bf3b5561fd08797ac01846cacaf7e06', NULL, 'example@example.com', '613-618-5277', NULL, NULL, NULL, NULL, NULL, 0, '590586', '326115', '2015-09-17 00:21:24', '2015-09-10 17:01:27', '2015-09-17 00:22:00'),
(239, '68df7396898fd4fa78610b7f9c9f2127f1695d9f4b2fecc1d5725f3e2459e229', NULL, 'turunqi@gmail.com', '613-890-3603', NULL, NULL, NULL, NULL, NULL, 1, '802258', NULL, '2015-09-10 17:09:08', '2015-09-10 17:09:09', '2015-09-10 17:09:36'),
(240, 'c1be64cf790e0da20c0217a984f67ed646ae5c414c36506cd87fe478ce104796', NULL, 'toy.geng@gmail.com', '613-322-2093', NULL, NULL, NULL, NULL, NULL, 1, '426144', NULL, '2015-09-10 17:24:49', '2015-09-10 17:24:50', '2015-09-10 17:25:14'),
(241, '8d6d7ccacfa57af56780c224a9694fa3640b965e0206e631bb5b5d81b27fcedf', NULL, 'chouxxu@gmail.com', '613-413-1100', NULL, NULL, NULL, NULL, NULL, 1, '857749', NULL, '2015-09-10 17:38:17', '2015-09-10 17:38:17', '2015-09-10 17:38:56'),
(242, '5a7d82a2519517c7f6e79fca5073324088b1c1c4bd75944a3f6391ea556061a5', NULL, 'kiriri233@gmail.com', '613-276-1702', NULL, NULL, NULL, NULL, NULL, 1, '466689', NULL, '2015-09-10 17:42:06', '2015-09-10 17:42:06', '2015-09-10 17:42:37'),
(243, '94778d847770ef4f1705e9dd8b09618bca0ea0690394c50d4222b0613b4181d6', NULL, 'wli017@uottawa.ca', '613-890-2896', NULL, NULL, NULL, NULL, NULL, 1, '229183', NULL, '2015-09-10 18:12:04', '2015-09-10 18:12:04', '2015-09-10 18:12:52'),
(244, 'a82c1ce796787a6bd95421cfd94c8f29bb30e70be86e52b457cd5cefd07da3b1', NULL, 'zpq0805@outlook.com', '647-898-5805', NULL, NULL, NULL, NULL, NULL, 1, '781472', NULL, '2015-09-10 18:50:12', '2015-09-10 18:50:12', '2015-09-10 18:50:57'),
(245, '05eb814e03fffd19696a9900dce8fac3b5b9aabb5315f8710624baac79f52ef3', NULL, 'example@example.com', '647-870-7890', NULL, NULL, NULL, NULL, NULL, 1, '274501', '600759', '2015-09-14 19:36:17', '2015-09-10 22:39:42', '2015-09-14 19:36:40'),
(246, '9cafbe00d7b1fc113b7ebf0090a44dcbc65ebef9b6f1e2308a155ecc47074d11', NULL, 'yjc19940204@gmail.com', '613-255-6149', NULL, NULL, NULL, NULL, NULL, 1, '725507', NULL, '2015-09-10 23:29:07', '2015-09-10 23:29:07', '2015-09-10 23:29:47'),
(247, 'cab3b4149cb882033769e8419d5860a6d5eb461bb9a0c71f8d41ef03976760f2', NULL, 'huiwen.hong@gmail.com', '613-276-0392', NULL, NULL, NULL, NULL, NULL, 1, '965556', NULL, '2015-09-10 23:58:13', '2015-09-10 23:58:13', '2015-09-10 23:58:58'),
(248, '1ad1381fd015fe0dcef4e8a6fd9d2352a4e87d6136a3134cb273c66fe41ae539', NULL, 'kaijinglivy@gamil.com', '613-276-8599', NULL, NULL, NULL, NULL, NULL, 1, '803320', NULL, '2015-09-11 12:45:02', '2015-09-11 12:45:02', '2015-09-11 12:45:31'),
(249, '4b12bc667f076277759caf6a6eebcc32e01cb326449291bbec0fa363737f45ab', NULL, 'example@example.com', '613-668-3452', NULL, NULL, NULL, NULL, NULL, 1, '426600', '502430', '2015-09-11 14:10:04', '2015-09-11 14:08:31', '2015-09-11 14:10:36'),
(250, '5d8230fe355ea9e5bda603f55b8ce927a480d3a83641121520d3176c8f70e414', NULL, 'baotianlu@gmail.com', '647-893-3877', NULL, NULL, NULL, NULL, NULL, 1, '314724', NULL, '2015-09-11 18:52:21', '2015-09-11 18:52:22', '2015-09-11 18:52:49'),
(251, '163311df795f3715abf45eb63d70129133854ce396e2f5407d57c2fd807a1cde', 'TINA', 'tianjiao.dong@gmail.com', '613-912-2352', NULL, NULL, NULL, NULL, NULL, 1, '643080', NULL, '2015-09-12 01:44:40', '2015-09-12 01:44:40', '2015-09-12 01:45:12'),
(252, '3e634bbfaf5931b70970cac249b410ab467858858dd8a6126060122dac2739b8', NULL, 'zhuangzaibaobei@gmail.com', '613-890-6336', NULL, NULL, NULL, NULL, NULL, 1, '986783', NULL, '2015-09-12 15:34:02', '2015-09-12 15:34:03', '2015-09-12 15:34:42'),
(253, '3946d343c877a00714dd6bba1801ec47e44326dd4606be7c1ea2ac5747f45b54', NULL, 'lulundon@yahoo.com', '613-979-4279', NULL, NULL, NULL, NULL, NULL, 1, '256032', NULL, '2015-09-13 12:26:18', '2015-09-13 12:26:19', '2015-09-13 12:26:45'),
(254, '5eb8e436fb1a18d1f3f603883d8ab6d1a701b7ac59832f39ea66b0cd02126751', NULL, 'f1019530632@gmail.com', '613-262-3542', NULL, NULL, NULL, NULL, NULL, 1, '674087', NULL, '2015-09-13 13:22:50', '2015-09-13 13:22:50', '2015-09-13 13:23:20'),
(255, 'dedb6d62b7b2376e67a6f0119d8727d92c4e0df987e6adb29831f9d0df5a2fac', NULL, 'cindy-zxr@hotmail.com', '613-255-5786', NULL, NULL, NULL, NULL, NULL, 1, '715667', NULL, '2015-09-13 16:35:03', '2015-09-13 16:35:03', '2015-09-13 16:35:41'),
(256, '9aaf08a0a68af3a757ebdc41864ce620d35c6efcc8311b1890cda8aa1e51f631', NULL, '15908113893@163.com', '613-869-8240', NULL, NULL, NULL, NULL, NULL, 1, '905470', NULL, '2015-09-13 18:36:20', '2015-09-13 18:36:20', '2015-09-13 18:37:02'),
(257, '2647b6a73e929601812d5af2e2adb037a25e495b9d63af7d7d435f05dfea902f', NULL, 'XDAI085@uottawa.ca', '613-265-6885', NULL, NULL, NULL, NULL, NULL, 1, '521266', NULL, '2015-09-13 21:01:14', '2015-09-13 21:01:14', '2015-09-13 21:02:02'),
(258, '6381f99b4a998a9619c6190acb92dea2453842e4231705fb7d45f99f55c4e476', NULL, 'ypan025@uottawa.ca', '613-890-4537', NULL, NULL, NULL, NULL, NULL, 1, '142560', '656716', '2016-01-09 09:17:45', '2015-09-13 21:03:26', '2016-01-09 09:18:05'),
(259, 'e79f2f0bef5c0948e67d7f71716c9e7bffd545f7657b2a8b7f51320182d002f0', NULL, 'chenjy527@gmail.com', '613-890-5527', NULL, NULL, NULL, NULL, NULL, 1, '130466', NULL, '2015-09-13 23:53:11', '2015-09-13 23:53:12', '2015-09-13 23:54:30'),
(260, '5fca587d08e7f3c7a221e69a2861705ba61be9a904dac242d20b0f1e6c545290', NULL, '2275586433@qq.com', '613-600-4014', NULL, NULL, NULL, NULL, NULL, 1, '254304', NULL, '2015-09-14 11:49:59', '2015-09-14 11:49:59', '2015-09-14 11:50:37'),
(261, '2ad4747e904ff033aafc77e88da5d81640a4ce41ad1ccb3b1ec2018171dd9ce4', 'Evelyn', 'example@example.com', '613-867-0718', NULL, NULL, NULL, NULL, NULL, 1, '721882', '939060', '2015-09-18 11:17:14', '2015-09-14 12:02:16', '2015-09-18 11:17:14'),
(262, '2950175f14b9f918e894e8cd3015ae937813a572374c27f060d44200b99dd54c', NULL, '952086615@qq.com', '613-869-3067', NULL, NULL, NULL, NULL, NULL, 1, '518519', NULL, '2015-09-15 13:35:39', '2015-09-15 13:35:39', '2015-09-15 13:36:38'),
(263, '6339044d6411e952e738169f8b270b06a8d2f92b0a43795c52f994fbf27fe340', NULL, 'example@example.com', '612-445-3214', NULL, NULL, NULL, NULL, NULL, 0, '572748', NULL, '2015-09-15 23:33:19', '2015-09-15 23:33:19', '2015-09-15 23:33:19'),
(264, 'f70852664ab744fd4545f2712305c42f3eaa6a1ee84cee3861b15fc443d6a832', NULL, '757880506@qq.com', '613-600-5189', NULL, NULL, NULL, NULL, NULL, 1, '612510', NULL, '2015-09-16 08:52:35', '2015-09-16 08:52:36', '2015-09-16 08:53:38'),
(265, 'acab7d9c9aed5ba23bb9e441610fc5b5538344e799cc2402d41dce7f45536f29', NULL, 'dantexie@outlook.com', '613-501-4157', NULL, NULL, NULL, NULL, NULL, 1, '975113', NULL, '2015-09-16 09:08:24', '2015-09-16 09:08:24', '2015-09-16 09:08:52'),
(266, '3b407cd8bcd5e6ffb64636b560210eb372074596de48d1dd8eafdc8525021536', NULL, 'bella.lianlijjng@gmail.com', '613-617-4608', NULL, NULL, NULL, NULL, NULL, 1, '509754', NULL, '2015-09-16 17:18:51', '2015-09-16 17:18:52', '2015-09-16 17:19:24'),
(267, 'd624e70831915bb87a2d8f21f8defacf8f549d7a1db3af8e8882e111b6b2a5c8', NULL, 'yli307@uottawa.ca', '819-328-5010', NULL, NULL, NULL, NULL, NULL, 1, '329737', NULL, '2015-09-16 17:24:37', '2015-09-16 17:24:37', '2015-09-16 17:25:05'),
(268, '44e8c06296c267bb443020e857542621ab4333c2c926235d105f7f6cea4503ca', NULL, 'fernandomy0118@gmail.com', '613-883-0047', NULL, NULL, NULL, NULL, NULL, 1, '286173', NULL, '2015-09-16 17:51:44', '2015-09-16 17:51:44', '2015-09-16 17:52:33'),
(269, '6a2a7d02c53145bf4cf1fdc62f0ddfc2341dbfd69d5e622258624a6d69caac22', NULL, 'vivianwillsk@hotmail.com', '613-263-8281', NULL, NULL, NULL, NULL, NULL, 1, '909275', NULL, '2015-09-16 18:05:34', '2015-09-16 18:05:35', '2015-09-16 18:06:01'),
(270, 'ab24630d77726b372d14396b1f84c9860a61e9d3773125ed7ce51ebd2b588ec3', NULL, 'aidenjiahao@hotmail.com', '613-262-5608', NULL, NULL, NULL, NULL, NULL, 1, '891341', NULL, '2015-09-16 19:45:06', '2015-09-16 19:45:06', '2015-09-16 19:45:39'),
(271, 'd9ebc1e53452cf88bde5272c13fd5b644a08e2e590f62e1a3f64ca3e1100896a', NULL, 'rockyong96@gmail.com', '613-276-7582', NULL, NULL, NULL, NULL, NULL, 1, '439163', NULL, '2015-09-16 20:35:36', '2015-09-16 20:35:37', '2015-09-16 20:36:04'),
(272, '5bcd082537ead97142cd12b9060cd46a990ef38cbec0fd05b9904fed5e81ea02', NULL, 'schen207@uottawa.ca', '613-261-7428', NULL, NULL, NULL, NULL, NULL, 1, '125960', NULL, '2015-09-16 21:38:12', '2015-09-16 21:38:13', '2015-09-16 21:39:19'),
(273, '1cc6675a68ddd3b44858d5da478c02f62a243f9280a5bd135bf5e1ce038611c8', 'lulu', 'lxie060@uottawa.ca', '613-297-6341', NULL, NULL, NULL, NULL, NULL, 1, '153107', '362343', '2015-09-17 08:21:40', '2015-09-16 22:15:53', '2015-09-17 08:24:17'),
(274, '9e7a3b8575157047c04fc875a30ef473313b79f6d8a7b4999986defadbb325a4', NULL, 'chenyutong201309@gmail.com', '613-890-9214', NULL, NULL, NULL, NULL, NULL, 1, '904795', '929857', '2015-12-10 10:19:09', '2015-09-16 22:44:29', '2015-12-10 10:20:08'),
(275, '1f5f6c25c25f6cf26f022fc86a61a49619227cae6a3bff7545c3b3ef8bf00748', NULL, 'example@example.com', '613-852-6756', NULL, NULL, NULL, NULL, NULL, 1, '612699', '421706', '2016-02-03 20:23:01', '2015-09-16 22:51:43', '2016-02-03 20:23:24'),
(276, 'a5b9102319e840fbc5934e6b9d3cfc267c712fb22cb262d28bacb0c6242e2056', NULL, '543729778@qq.com', '613-276-7563', NULL, NULL, NULL, NULL, NULL, 1, '949504', NULL, '2015-09-16 22:57:58', '2015-09-16 22:57:59', '2015-09-16 22:58:27'),
(277, '5f9ef705b230bb78a44f657119159f9f25d5ee7c28522ff495a2e4ea93855581', NULL, 'stella-liang@hotmail.com', '613-854-7543', NULL, NULL, NULL, NULL, NULL, 1, '771400', NULL, '2015-09-16 23:04:46', '2015-09-16 23:04:47', '2015-09-16 23:08:48'),
(278, '4af6f418d0b6bf8f674c437b6ee38be8f2b9aafd6fdddfbbf6554e92c40ce35a', NULL, 'lijiaqi0412@gmail.com', '613-890-3615', NULL, NULL, NULL, NULL, NULL, 1, '486732', NULL, '2015-09-16 23:22:15', '2015-09-16 23:22:15', '2015-09-16 23:22:46'),
(279, 'e21983306bd2d786e4ffeded20e3f26fd3a58d517f04f67062c90cc68b8da4ca', NULL, '441921688@qq.com', '343-777-7325', NULL, NULL, NULL, NULL, NULL, 1, '954995', NULL, '2015-09-16 23:32:52', '2015-09-16 23:32:53', '2015-09-16 23:33:44'),
(280, '3e3e49a194416ff7ee31e149ca6d7a2b9c5408a0514929812c5eca41b4f675b0', NULL, 'joy0621tvxq@163.com', '343-777-6288', NULL, NULL, NULL, NULL, NULL, 1, '788848', NULL, '2015-09-16 23:51:35', '2015-09-16 23:51:35', '2015-09-16 23:52:08'),
(281, '1b33e024942497a703f3ef90440059f04e5cdf07e20eccbf8a0083272b69c56f', 'echo', 'woodecco@gmail.com', '613-263-5988', NULL, NULL, NULL, NULL, NULL, 1, '817625', NULL, '2015-09-17 00:33:16', '2015-09-17 00:33:17', '2015-09-17 00:35:29'),
(282, '96cc16aaf1f7ba0ffdad68fdaf183ae67f19c2ade3de3fefd4748fdb05af502a', NULL, 'henry616@qq.com', '613-261-0864', NULL, NULL, NULL, NULL, NULL, 1, '367843', NULL, '2015-09-17 00:46:16', '2015-09-17 00:46:16', '2015-09-17 00:46:54'),
(283, 'da006c58caa02df9cc26fe243f01d2e1a9110c5aed5290f9ea386b8dfdd9553e', NULL, 'j872941870@hotmail.com', '613-618-0726', NULL, NULL, NULL, NULL, NULL, 1, '443601', NULL, '2015-09-17 08:57:04', '2015-09-17 08:57:04', '2015-09-17 08:58:11'),
(284, '147075f9ae7f3eb54805344b8612d2f9b3cc11cc43b3dc67da0fa13eaa8c6a6e', 'Qingming', 'qingmingqu@gmail.com', '613-604-7491', NULL, NULL, NULL, NULL, NULL, 1, '873590', NULL, '2015-09-17 09:08:01', '2015-09-17 09:08:01', '2015-09-17 09:08:38'),
(285, '50a63dc663c81013aa23d7ad65786c1385043c66bed92acabd3fa96d376dd48f', NULL, 'xyan044@uottawa.ca', '613-890-5357', NULL, NULL, NULL, NULL, NULL, 1, '256436', NULL, '2015-09-17 10:19:02', '2015-09-17 10:19:02', '2015-09-17 10:19:40'),
(286, '30ac95808318c9256899029e51a8830bd7c01119d1b0ccc92bd442a9945fd6da', NULL, '1995wslq@gmail.com', '613-263-0157', NULL, NULL, NULL, NULL, NULL, 1, '479398', NULL, '2015-09-17 11:15:17', '2015-09-17 11:15:17', '2015-09-17 11:17:01'),
(287, 'a402523a9db0f96e8c78c530612f8eb44e60400b6986ab0ee9840c0bb75e958f', NULL, 'jasqingzi@gmail.com', '613-894-7137', NULL, NULL, NULL, NULL, NULL, 1, '398173', NULL, '2015-09-17 13:13:42', '2015-09-17 13:13:43', '2015-09-17 13:14:40'),
(288, 'ff6c87923b9d01e1101951b2193330de4a64aa6056fa44c42489825145182b2b', NULL, 'cristyguo33@gmail.com', '613-265-8808', NULL, NULL, NULL, NULL, NULL, 1, '938680', NULL, '2015-09-17 16:28:49', '2015-09-17 16:28:50', '2015-09-17 16:29:45'),
(289, '8391ff14008f2842a9a3d3172f18a3bd5802249dd5d34afbfd29207bb50e1e7d', NULL, '517339081@qq.com', '343-777-6110', NULL, NULL, NULL, NULL, NULL, 1, '646663', NULL, '2015-09-17 18:04:08', '2015-09-17 18:04:09', '2015-09-17 18:04:59'),
(290, '6f0bb341c7820650c982314cf6339c388542721edab11b027485e9f54f2a2dd1', NULL, 'shuteng1996@hotmail.com', '514-961-5878', NULL, NULL, NULL, NULL, NULL, 1, '604277', NULL, '2015-09-17 22:02:27', '2015-09-17 22:02:28', '2015-09-17 22:02:58'),
(291, 'ad3f4cc22b71f3228c1cfbc4f7caf98309f9d371b94942f7a8d5781847a45ba9', NULL, '651186546@qq.com', '613-276-0773', NULL, NULL, NULL, NULL, NULL, 1, '832426', NULL, '2015-09-18 00:30:01', '2015-09-18 00:30:01', '2015-09-18 00:30:44'),
(292, '65e66d65bacb2ec3b28c61acaa910aad5453271fed6630d900ed311b70c20eef', NULL, 'hhuan061@uottawa.ca', '613-890-7139', NULL, NULL, NULL, NULL, NULL, 1, '114372', NULL, '2015-09-18 01:30:51', '2015-09-18 01:30:51', '2015-09-18 01:31:28'),
(293, 'feb0b2c5a03ed92fb79d14d3cd66f2b3d0f0277a1848176580f32d06b63f143d', NULL, '2374061355@qq.com', '613-240-4445', NULL, NULL, NULL, NULL, NULL, 1, '599483', NULL, '2015-09-18 03:41:59', '2015-09-18 03:42:00', '2015-09-18 03:43:18'),
(294, '4a04358f403e7bae1952a2636e17cf4bab062af64ffde817c1c8d9fb48d355c3', NULL, 'zhangniyu5@126.com', '289-981-0310', NULL, NULL, NULL, NULL, NULL, 1, '664622', NULL, '2015-09-18 09:03:36', '2015-09-18 09:03:37', '2015-09-18 09:04:05'),
(295, '5a7a179e4c72caf52cad4b39fccbb4c4be7ed664735b7cdf48f4127e6ee482ad', 'Shanshan', 'toko18feb@gmail.com', '613-710-1806', NULL, NULL, NULL, NULL, NULL, 1, '562777', NULL, '2015-09-18 10:24:44', '2015-09-18 10:24:45', '2015-09-18 10:25:49'),
(296, '3c87b2bc1a79b5dc8625e726da00fcf51fff3158e1214aa2f05355003c738c12', NULL, '2269000709@qq.com', '613-869-3189', NULL, NULL, NULL, NULL, NULL, 1, '402126', NULL, '2015-09-18 14:28:30', '2015-09-18 14:28:30', '2015-09-18 14:29:04'),
(297, '151a2ab17db3ede3015d23de7c61677897cf4b86552564a9150eb40d20a3264d', 'david', 'odyssey.d.wu@gmail.com', '647-533-8151', NULL, NULL, NULL, NULL, NULL, 1, '753912', NULL, '2015-09-19 00:15:33', '2015-09-19 00:15:34', '2015-09-19 00:17:12'),
(298, '3ad4ac694274d16632b2bdf9632aedf9e773dab746fa5666273a999dd18c0ada', NULL, 'yunlinaaa@gmail.com', '613-261-3189', NULL, NULL, NULL, NULL, NULL, 1, '914139', NULL, '2015-09-19 13:00:46', '2015-09-19 13:00:47', '2015-09-19 13:01:16'),
(299, '0918b7b0f89eb0298af15f510cd7eb4a57c1e84fd99b172bc0505729d5834e8e', NULL, 'szh2103@gmail.com', '343-777-6793', NULL, NULL, NULL, NULL, NULL, 1, '730253', NULL, '2015-09-20 17:17:02', '2015-09-20 17:17:03', '2015-09-20 17:17:48'),
(300, 'c02625cffdfde801d0edf9b9d75a80b6ac04908c941f8cc3938bead1503c1cf3', NULL, 'shangguanxiaoren@163.com', '514-571-9924', NULL, NULL, NULL, NULL, NULL, 1, '334963', NULL, '2015-09-21 11:31:12', '2015-09-21 11:31:13', '2015-09-21 11:32:02'),
(301, 'aff619f57ee7d8b97ce9ae8345bcb69aec010af249d776d4101e8cc4e05fd7ee', NULL, 'jiangzizhao@gmail.com', '613-668-8190', NULL, NULL, NULL, NULL, NULL, 1, '700074', NULL, '2015-09-22 20:42:57', '2015-09-22 20:42:57', '2015-09-22 20:43:30'),
(302, '8596d5be0e18b9dda1aec44a2007a8fa9070573e1a0b1e9c71d8124600983fd3', NULL, '546497078@qq.com', '343-777-7968', NULL, NULL, NULL, NULL, NULL, 1, '453279', NULL, '2015-09-22 20:43:51', '2015-09-22 20:43:51', '2015-09-22 20:44:40'),
(303, '6339044d6411e952e738169f8b270b06a8d2f92b0a43795c52f994fbf27fe340', NULL, 'example@example.com', '343-725-7469', NULL, NULL, NULL, NULL, NULL, 0, '978158', NULL, '2015-09-22 22:32:42', '2015-09-22 22:32:43', '2015-09-22 22:32:43'),
(304, '25976e564c977c87304110cd4b0d8b880647dca87a57130c2b7e912ba77245a9', NULL, 'maxsusie1994@live.cn', '613-618-8784', NULL, NULL, NULL, NULL, NULL, 1, '667831', NULL, '2015-09-23 00:20:48', '2015-09-23 00:20:49', '2015-09-23 00:21:46'),
(305, 'e1b62a1c768f1c59ff32f469889fe725e8550e510db2a3efdb720deb1a7b0556', NULL, 'jinjingvir@gmail.com', '613-413-4065', NULL, NULL, NULL, NULL, NULL, 1, '711368', NULL, '2015-09-23 13:02:59', '2015-09-23 13:02:59', '2015-09-23 13:03:34'),
(306, 'f9abe46343a0b89e6ef3962c4d799eb1572f3a92c813cd7cb20f96cb34dfd111', NULL, '452383587@qq.com', '613-869-6158', NULL, NULL, NULL, NULL, NULL, 1, '127169', NULL, '2015-09-24 20:57:46', '2015-09-24 20:57:46', '2015-09-24 20:58:33'),
(307, '776bd961d50524d52ab31dfce2ee3b26a867f407bd29c530a67b242b8fb1dafc', NULL, 'xlvsedison@gmail.com', '613-294-5788', NULL, NULL, NULL, NULL, NULL, 1, '805490', NULL, '2015-09-25 11:14:57', '2015-09-25 11:14:58', '2015-09-25 11:15:32'),
(308, 'efaf68fa2d03117b1dde863d48729043d44385b6723ccca51a71a87d6395e14b', NULL, 'cdxx6268@gmail.com', '613-265-6800', NULL, NULL, NULL, NULL, NULL, 1, '709506', NULL, '2015-09-27 10:07:47', '2015-09-27 10:07:48', '2015-09-27 10:08:25'),
(309, '945694e986adfcd5a25e26cc68b04c1969dfd77a611a12cce477b9e9779438c6', NULL, '457701173@163.com', '647-993-9107', NULL, NULL, NULL, NULL, NULL, 1, '758929', NULL, '2015-09-28 11:23:56', '2015-09-28 11:23:57', '2015-09-28 11:24:26'),
(310, 'a9d17debd0892c172d700234cd8cd368229243ad874fb960046c175cd8baa850', NULL, '414918603@qq.com', '248-660-2655', NULL, NULL, NULL, NULL, NULL, 1, '387744', NULL, '2015-09-29 16:29:29', '2015-09-29 16:29:30', '2015-09-29 16:29:46'),
(311, 'acc553b18ac030600d16a7d6ec77878cc1982133d10f66e9caa44f9858635ce2', NULL, 'zhangjianjacky@gmail.com', '613-852-6266', NULL, NULL, NULL, NULL, NULL, 1, '180102', NULL, '2015-09-30 22:54:14', '2015-09-30 22:54:14', '2015-09-30 22:54:44'),
(313, '7a5788f6f03be49b3be7d9ce39abd3619e91dfd26c9d57620cd4f6933a9f32d6', NULL, '1579879495@qq.com', '438-926-4109', NULL, NULL, NULL, NULL, NULL, 1, '267632', NULL, '2015-10-04 22:25:34', '2015-10-04 22:25:35', '2015-10-04 22:26:14'),
(314, 'a50b76b0584e4b4d05acfd91b2270562a397653c0eb67f275b50af8a051bd461', NULL, 'xiaoxinzhou0@gmail.com', '613-255-1882', NULL, NULL, NULL, NULL, NULL, 1, '687003', NULL, '2015-10-07 00:21:05', '2015-10-07 00:21:05', '2015-10-07 00:22:11'),
(315, 'f1c37f7bbea73bfa0440ef913f9a3b249b7808237704943eb75fe1cc794e8aa8', NULL, 'amanda970609@hotmail.com', '343-777-2364', NULL, NULL, NULL, NULL, NULL, 1, '306938', NULL, '2015-10-07 10:58:03', '2015-10-07 10:58:04', '2015-10-07 10:58:36'),
(316, 'a18aeb28bc7e79d04070f3fa06786eb00692c73de15480a83bf6e4383193f473', NULL, '1127146459@qq.com', '647-234-1591', NULL, NULL, NULL, NULL, NULL, 1, '731052', NULL, '2015-10-07 11:06:49', '2015-10-07 11:06:50', '2015-10-07 11:07:24'),
(317, '3f0932eee80d1d5320a7946d1bdc1158f60f50508acb72a5817ec73c285b80c3', '安吉超', 'anjichao0@gmail.com', '905-923-7026', NULL, NULL, NULL, NULL, NULL, 1, '441161', NULL, '2015-10-07 11:41:17', '2015-10-07 11:41:17', '2015-10-07 11:41:56'),
(318, '77f814fdfe59c43a7fe881876136eb69b0c1bf1d96ff0421abb644146784d8ac', NULL, 'lc1595306512@icloud.com', '613-276-3517', NULL, NULL, NULL, NULL, NULL, 1, '113237', NULL, '2015-10-16 12:47:59', '2015-10-16 12:48:00', '2015-10-16 12:48:44'),
(319, '7defabfe501316c53d601796d49ce43906b0b53f66bc7b9727afe28a33ed95cd', NULL, 'tiktok8023@outlook.com', '613-883-4922', NULL, NULL, NULL, NULL, NULL, 1, '397137', NULL, '2015-10-19 22:04:05', '2015-10-19 22:04:06', '2015-10-19 22:04:32'),
(320, '212604764ba6a1bc15dd6c61cba228b9a28a8686eaa691609f3292f0d84755c5', NULL, 'floratong1017@gmail.com', '613-890-7317', NULL, NULL, NULL, NULL, NULL, 1, '444774', NULL, '2015-10-23 00:34:29', '2015-10-23 00:34:29', '2015-10-23 00:35:01'),
(321, '740e5acfc879d59b728ee4c9111e48b14150f88c1e63b162c0a0813acf5b669d', NULL, 'aprilqian414@gmail.com', '613-262-3844', NULL, NULL, NULL, NULL, NULL, 1, '419915', NULL, '2015-10-23 11:44:36', '2015-10-23 11:44:37', '2015-10-23 11:45:01'),
(322, '6339044d6411e952e738169f8b270b06a8d2f92b0a43795c52f994fbf27fe340', NULL, 'example@example.com', '613-234-5678', NULL, NULL, NULL, NULL, NULL, 0, '818190', NULL, '2015-10-25 14:07:02', '2015-10-25 14:07:03', '2015-10-25 14:07:03'),
(323, '0fddb84c90a4b515c656dc57f7149152c2d82c850e852cfdc7d2b8668c893eb7', NULL, 'fypexqiujialu@126.com', '613-869-9404', NULL, NULL, NULL, NULL, NULL, 1, '916178', NULL, '2015-10-26 08:14:42', '2015-10-26 08:14:43', '2015-10-26 08:15:30'),
(324, '66a8ebd6a213d3ff42740c6dc03272e095d16b010e4df7bc14dade6711dfff1b', NULL, 'ivoryzhangwy@gmail.com', '613-408-5816', NULL, NULL, NULL, NULL, NULL, 1, '846342', NULL, '2015-10-27 20:31:13', '2015-10-27 20:31:14', '2015-10-27 20:31:39'),
(325, '19497f9a2ebca3c6a65b0602f84b8bf01e00a6cac53abeb3856d4192521d518c', 'Robin', 'robinq16@yahoo.com', '613-862-5573', NULL, NULL, NULL, NULL, NULL, 1, '889359', NULL, '2015-10-27 21:28:15', '2015-10-27 21:28:16', '2015-10-27 21:29:30'),
(326, '9a27adc6e01a1d39b1453052bdaaf7218b99f8261252d726d7fa22d0afc4067b', NULL, 'zy61224@gmail.com', '613-890-7170', NULL, NULL, NULL, NULL, NULL, 1, '559640', NULL, '2015-10-28 00:40:51', '2015-10-28 00:40:51', '2015-10-28 00:42:21'),
(327, '6339044d6411e952e738169f8b270b06a8d2f92b0a43795c52f994fbf27fe340', NULL, 'example@example.com', '613-234-5667', NULL, NULL, NULL, NULL, NULL, 0, '341818', NULL, '2015-10-28 15:22:39', '2015-10-28 15:22:40', '2015-10-28 15:22:40'),
(328, '25e8b76035b0bfa9e3080a9a521161049fdcf5e70714c3fc117b5088d510d35f', NULL, 'durasyoga@foxmail.com', '613-276-1896', NULL, NULL, NULL, NULL, NULL, 1, '806957', NULL, '2015-10-28 15:47:36', '2015-10-28 15:47:36', '2015-10-28 15:48:45'),
(329, '4bcc6bb3411b6c95a4d49f26003370bdc5b317236ba95c7c1ed976845060491a', NULL, 'wendyzhangsw@gmail.com', '613-501-5970', NULL, NULL, NULL, NULL, NULL, 1, '424996', NULL, '2015-10-29 20:06:48', '2015-10-29 20:06:49', '2015-10-29 20:08:21'),
(330, 'e0fbeac2f9147603a017203daa83ae505c3d026ca9cd8d9f1c89f2431fda456f', NULL, '250214353@qq.com', '613-410-2034', NULL, NULL, NULL, NULL, NULL, 1, '474596', NULL, '2015-11-02 12:21:36', '2015-11-02 12:21:36', '2015-11-02 12:22:15'),
(331, '6339044d6411e952e738169f8b270b06a8d2f92b0a43795c52f994fbf27fe340', NULL, 'example@example.com', '222-555-5555', NULL, NULL, NULL, NULL, NULL, 0, '794783', NULL, '2015-11-06 10:20:23', '2015-11-06 10:20:23', '2015-11-06 10:20:23'),
(332, 'a01a120290e4cf01059c3ce53b4304cbf632a56e259e4ceb80eb529cdc6457bb', NULL, 'ziyidemail@gmail.com', '613-220-3492', NULL, NULL, NULL, NULL, NULL, 1, '901392', NULL, '2015-11-06 11:56:03', '2015-11-06 11:56:04', '2015-11-06 11:56:38'),
(333, '23ca2436e0fa8f567ed2abec368f77b5ef90d05b0a805412ca61645a21a1e852', NULL, 'yumizhtch@hotmail.com', '905-922-6646', NULL, NULL, NULL, NULL, NULL, 1, '240433', NULL, '2015-11-07 21:14:09', '2015-11-07 21:14:09', '2015-11-07 21:14:49'),
(334, '4956af43d8f49ad5ce2e17f4542f70546ffd86895909689812c6c917cac75fa1', NULL, '349348100@qq.com', '613-608-6319', NULL, NULL, NULL, NULL, NULL, 1, '355278', NULL, '2015-11-08 00:51:38', '2015-11-08 00:51:38', '2015-11-08 00:52:17'),
(335, '09cbbc9979787309ecfd3ced48c9e3b29a7377a392e0a5229de4da9296cba7b3', NULL, 'sherry.dodo@hotmail.com', '613-878-0510', NULL, NULL, NULL, NULL, NULL, 1, '343203', NULL, '2015-11-08 15:56:26', '2015-11-08 15:56:26', '2015-11-08 15:57:15'),
(336, 'b46a65b65f3caeb8944c1b23ab92c8f6f87444946a41277f562b555392acb7f4', NULL, 'xjlyu@outlook.com', '613-606-6262', NULL, NULL, NULL, NULL, NULL, 1, '517951', NULL, '2015-11-10 15:54:37', '2015-11-10 15:54:41', '2015-11-10 15:55:06'),
(337, 'eb8deb313f81527d029b18f3f4d9270f34afd85707e02882d63c10de7271a1ad', NULL, 'forrest.sun527@gmail.com', '613-869-0527', NULL, NULL, NULL, NULL, NULL, 1, '859916', NULL, '2015-11-18 17:50:39', '2015-11-18 17:50:39', '2015-11-18 17:51:20'),
(338, '938ea229a3f29a27184fdc624ff28ba458dbc28c85d9bdf098f728f41d7735b6', NULL, 'xin9766666@gmail.com', '613-252-9766', NULL, NULL, NULL, NULL, NULL, 1, '499628', NULL, '2015-11-19 20:40:32', '2015-11-19 20:40:33', '2015-11-19 20:40:54'),
(339, '93c7d8b5d4cfb97e5bc90a1d5058820ebc893df6a02d18e000d8e07ed5cb0050', NULL, 'sliu054@uottawa.ca', '613-618-3989', NULL, NULL, NULL, NULL, NULL, 1, '498323', NULL, '2015-11-19 21:51:53', '2015-11-19 21:51:53', '2015-11-19 21:52:32'),
(340, '8b199a2fc91b5d26817e32261b0f048bb8db331458a4b82a5731fd9f490e3884', NULL, 'abbygzy@gmail.com', '343-777-0550', NULL, NULL, NULL, NULL, NULL, 1, '895869', NULL, '2015-11-19 22:15:57', '2015-11-19 22:15:57', '2015-11-19 22:16:32'),
(341, '4bd4a2aeb881db0fae6cfca9bb8e012e05d168ba094f643b832796c45afa4695', NULL, 'sicheng.huang@outlook.com', '613-890-1310', NULL, NULL, NULL, NULL, NULL, 1, '707887', NULL, '2015-11-20 10:15:07', '2015-11-20 10:15:07', '2015-11-20 10:16:04'),
(342, '62f226b70c4f88fe2bec5cd1c22a5fdd4ec8b0072848d8f180c41179eb9a9d74', NULL, 'ari.minghui@gmail.com', '343-777-1617', NULL, NULL, NULL, NULL, NULL, 1, '762499', NULL, '2015-11-22 01:56:40', '2015-11-22 01:56:40', '2015-11-22 01:57:25'),
(348, '56983266ee5326292e87aaccd88923076957ecfe47f9dace5f9a81c57f0337c6', 'geno', 'genozhou@gmail.com', '613-869-6862', NULL, NULL, NULL, NULL, NULL, 1, '876867', NULL, '2015-11-23 15:51:54', '2015-11-23 15:51:54', '2015-11-23 15:52:15'),
(349, '07861d56913752fcb7bbf32c062d28f6a3946a37c22ab830b03ce25652b247d6', NULL, 'rxwanghust@gmail.com', '613-265-5619', NULL, NULL, NULL, NULL, NULL, 1, '668204', NULL, '2015-11-24 09:38:14', '2015-11-24 09:38:15', '2015-11-24 09:39:13'),
(350, '6339044d6411e952e738169f8b270b06a8d2f92b0a43795c52f994fbf27fe340', NULL, 'example@example.com', '613-790-7180', NULL, NULL, NULL, NULL, NULL, 0, '704363', NULL, '2015-12-03 22:16:41', '2015-12-03 22:16:42', '2015-12-03 22:16:42'),
(351, '885c858e545e46018ab76e700d0650fe47963381dacceb9f2451c00aac331047', NULL, 'gigglemoment@hotmail.com', '613-262-9583', NULL, NULL, NULL, NULL, NULL, 1, '346487', NULL, '2015-12-04 10:57:16', '2015-12-04 10:57:16', '2015-12-04 10:58:17'),
(352, '3043d9dadbaeeaa6d695579b4f32e0ef9b709709b47e05899ef669d2dd4083a7', NULL, 'greenyyin@gmail.com', '613-501-2531', NULL, NULL, NULL, NULL, NULL, 1, '584943', '976982', '2016-01-10 20:05:28', '2015-12-09 01:56:49', '2016-01-10 20:05:45'),
(353, '6339044d6411e952e738169f8b270b06a8d2f92b0a43795c52f994fbf27fe340', NULL, 'example@example.com', '613-203-6298', NULL, NULL, NULL, NULL, NULL, 0, '530949', NULL, '2016-01-11 13:03:07', '2016-01-11 13:03:07', '2016-01-11 13:03:07'),
(354, '6339044d6411e952e738169f8b270b06a8d2f92b0a43795c52f994fbf27fe340', NULL, 'example@example.com', '613-297-3772', NULL, NULL, NULL, NULL, NULL, 0, '339985', NULL, '2016-01-13 00:29:31', '2016-01-13 00:29:32', '2016-01-13 00:29:32'),
(355, '96b3161b995a6ed5633cb5e706058e5d22eb9aa624f596aac6dd4b77fe909eda', 'jerryzhou', 'jerryzhou05@gmail.com', '613-712-0428', NULL, NULL, NULL, NULL, NULL, 1, '178921', NULL, '2016-01-31 18:40:46', '2016-01-31 18:40:47', '2016-01-31 18:41:30'),
(356, 'abf61e536d145955079c641182b8836703463ce631a0fcbed3c06e4a52075065', NULL, 'example@example.com', '613-894-5688', NULL, NULL, NULL, NULL, NULL, 0, '460318', '779501', '2016-02-01 16:35:39', '2016-02-01 16:33:32', '2016-02-01 16:36:02'),
(357, '6339044d6411e952e738169f8b270b06a8d2f92b0a43795c52f994fbf27fe340', NULL, 'example@example.com', '613-745-4654', NULL, NULL, NULL, NULL, NULL, 0, '623931', NULL, '2016-03-06 14:11:35', '2016-03-06 14:11:35', '2016-03-06 14:11:35'),
(358, '6cea34326da0aa14a41aab1edd0b2b4de9f380b0c2ab09b03914431ff94dbc26', '祁汉', 'buranenshiwoerzi@hotmail.com', '647-961-3506', NULL, NULL, NULL, NULL, NULL, 1, '773769', NULL, '2016-03-06 14:12:41', '2016-03-06 14:12:41', '2016-03-06 14:13:28');

-- --------------------------------------------------------

--
-- Table structure for table `locations`
--

CREATE TABLE IF NOT EXISTS `locations` (
  `id` int(10) unsigned NOT NULL AUTO_INCREMENT,
  `parent_id` int(10) DEFAULT NULL,
  `lft` int(10) DEFAULT NULL,
  `rght` int(10) DEFAULT NULL,
  `name` varchar(255) NOT NULL DEFAULT '',
  `address` varchar(300) DEFAULT NULL,
  `description` varchar(500) DEFAULT '',
  `image_url` varchar(255) DEFAULT NULL,
  `latitude` double DEFAULT NULL,
  `longitude` double DEFAULT NULL,
  `created` datetime DEFAULT NULL,
  `modified` datetime DEFAULT NULL,
  PRIMARY KEY (`id`)
) ENGINE=InnoDB  DEFAULT CHARSET=utf8 AUTO_INCREMENT=27 ;

--
-- Dumping data for table `locations`
--

INSERT INTO `locations` (`id`, `parent_id`, `lft`, `rght`, `name`, `address`, `description`, `image_url`, `latitude`, `longitude`, `created`, `modified`) VALUES
(17, 20, 2, 5, 'University of Ottawa', '75 Laurier Ave E, Ottawa, ON K1N 6N5', 'UO - Main Campus', NULL, 45.4193592, -75.6786923, NULL, NULL),
(18, 20, 6, 9, 'Carleton University', '1125 Colonel By Drive, Ottawa, ON K1S 5B6', 'UCU对面停车场', 'http://45.55.164.174/eat/img/cu.png', 45.423106, -75.683133, NULL, NULL),
(19, 20, 10, 13, 'Algonquin College', '1385 Woodroffe Avenue, Ottawa, ON K2G 1V8', 'Algonquin Commons Theatre对面停车场', 'http://45.55.164.174/eat/img/ac.png', 45.423106, -75.683133, NULL, NULL),
(20, NULL, 1, 14, 'Ottawa', 'Ottawa, ON', 'Capital of Canada', NULL, 45.4193592, -75.6786923, NULL, '2015-01-04 05:55:54'),
(21, 17, 3, 4, '猫头鹰商店 Mac''s', '145 Jean-Jacques-Lussie, Private, Ottawa, ON K1N 9A7', '120 Osgoode St. (学校中心位置)', 'http://45.55.164.174/eat/img/uo.png', 45.42381, -75.680954, NULL, NULL),
(23, 18, 7, 8, 'University Center', '1125 Colonel By Drive, Ottawa, ON K1S 5B6', 'Carleton Centre停车场', NULL, 45.3842782, -75.6965342, NULL, NULL),
(24, 19, 11, 12, 'Algonquin Commons Theatre', '1385 Woodroffe Avenue, Ottawa, ON K2G 1V8', 'Algonquin Commons Theatre对面停车场', NULL, 45.3502038, -75.7544927, NULL, NULL);

-- --------------------------------------------------------

--
-- Table structure for table `orders`
--

CREATE TABLE IF NOT EXISTS `orders` (
  `id` int(11) unsigned NOT NULL AUTO_INCREMENT,
  `order_serial` varchar(64) NOT NULL,
  `customer_id` int(11) NOT NULL,
  `restaurant_id` int(11) NOT NULL,
  `location_id` int(11) NOT NULL,
  `next_round` int(11) DEFAULT NULL,
  `total` double NOT NULL DEFAULT '0',
  `tip` int(11) NOT NULL DEFAULT '0',
  `state` tinyint(2) NOT NULL DEFAULT '0' COMMENT '0 - placed; 1 - delivered; 2 - deleted',
  `due` datetime NOT NULL,
  `delivery_time` datetime DEFAULT NULL,
  `delivered_time` datetime DEFAULT NULL,
  `comment` varchar(255) DEFAULT NULL COMMENT 'used when comment is need or exceptions happen (''state'' = 3)',
  `created` datetime DEFAULT NULL,
  `modified` datetime DEFAULT NULL,
  PRIMARY KEY (`id`)
) ENGINE=InnoDB  DEFAULT CHARSET=utf8 AUTO_INCREMENT=408 ;

--
-- Dumping data for table `orders`
--

INSERT INTO `orders` (`id`, `order_serial`, `customer_id`, `restaurant_id`, `location_id`, `next_round`, `total`, `tip`, `state`, `due`, `delivery_time`, `delivered_time`, `comment`, `created`, `modified`) VALUES
(209, '52355d27109bb4ec', 209, 10, 21, 2, 10.0005, 0, 0, '2015-08-18 11:30:00', '2015-08-18 13:00:00', NULL, NULL, '2015-08-17 19:40:57', '2015-08-17 19:40:57'),
(210, '75555d27b7067b2c', 210, 10, 21, 2, 23.9899, 0, 0, '2015-08-18 11:30:00', '2015-08-18 13:00:00', NULL, NULL, '2015-08-17 20:25:20', '2015-08-17 20:25:20'),
(211, '23355d3e12edc05c', 213, 12, 24, 2, 5.989, 0, 0, '2015-08-19 11:30:00', '2015-08-19 13:00:00', NULL, NULL, '2015-08-18 21:51:42', '2015-08-18 21:51:42'),
(212, '83755de4ecc58436', 216, 11, 21, 2, 8.9835, 0, 0, '2015-08-27 11:30:00', '2015-08-27 13:30:00', NULL, NULL, '2015-08-26 19:42:04', '2015-08-26 19:42:04'),
(213, '32655de4ef5352f3', 210, 12, 21, 2, 5.989, 0, 0, '2015-08-27 11:30:00', '2015-08-27 13:30:00', NULL, NULL, '2015-08-26 19:42:45', '2015-08-26 19:42:45'),
(214, '14055e75c84b2055', 211, 12, 21, 2, 11.978, 0, 2, '2015-09-03 11:30:00', '2015-09-03 13:30:00', NULL, NULL, '2015-09-02 16:31:00', '2015-09-02 16:40:13'),
(215, '59555e75d3fd2c8a', 211, 12, 23, 2, 17.967, 0, 2, '2015-09-03 11:30:00', '2015-09-03 13:00:00', NULL, NULL, '2015-09-02 16:34:07', '2015-09-02 16:40:08'),
(216, '90555ee24440116b', 222, 10, 23, 2, 8, 0, 2, '2015-09-08 11:30:00', '2015-09-08 13:30:00', NULL, NULL, '2015-09-07 19:56:52', '2015-09-07 19:57:48'),
(217, '83555ee247d5ea18', 224, 10, 21, 2, 8.0004, 0, 2, '2015-09-08 11:30:00', '2015-09-08 13:00:00', NULL, NULL, '2015-09-07 19:57:49', '2015-09-07 19:58:05'),
(218, '49255ee24b89c69e', 104, 10, 21, 2, 16.0008, 0, 0, '2015-09-08 11:30:00', '2015-09-08 13:00:00', NULL, NULL, '2015-09-07 19:58:48', '2015-09-07 19:58:48'),
(219, '61655ee24bd4625e', 221, 10, 21, 2, 8.9948, 0, 2, '2015-09-08 11:30:00', '2015-09-08 13:00:00', NULL, NULL, '2015-09-07 19:58:53', '2015-09-07 19:59:02'),
(220, '11555ee25593017c', 224, 10, 21, 2, 84.976, 0, 2, '2015-09-08 11:30:00', '2015-09-08 13:00:00', NULL, NULL, '2015-09-07 20:01:29', '2015-09-07 20:02:08'),
(221, '74955ee2675a64c8', 215, 12, 21, 2, 10.9949, 0, 2, '2015-09-08 11:30:00', '2015-09-08 13:30:00', NULL, NULL, '2015-09-07 20:06:13', '2015-09-07 20:07:22'),
(222, '36855f066f7b3161', 224, 12, 21, 1, 12.995, 0, 1, '2015-09-09 16:30:00', '2015-09-09 19:00:00', '2015-09-10 00:46:45', NULL, '2015-09-09 13:05:59', '2015-09-10 00:46:45'),
(223, '84655f088024b629', 216, 11, 21, 1, 8.9835, 0, 1, '2015-09-09 16:30:00', '2015-09-09 19:00:00', '2015-09-10 00:46:13', NULL, '2015-09-09 15:26:58', '2015-09-10 00:46:13'),
(224, '75355f091d51ba4b', 224, 11, 21, 1, 8.9835, 0, 1, '2015-09-09 16:30:00', '2015-09-09 19:00:00', '2015-09-10 00:11:48', NULL, '2015-09-09 16:08:53', '2015-09-10 00:11:48'),
(225, '68855f092145455d', 224, 11, 23, 1, 8.9835, 0, 0, '2015-09-09 16:30:00', '2015-09-09 19:30:00', NULL, NULL, '2015-09-09 16:09:56', '2015-09-09 16:09:56'),
(226, '38455f100a1cf377', 221, 11, 21, 0, 8.9835, 0, 0, '2015-09-10 11:30:00', '2015-09-10 13:30:00', NULL, NULL, '2015-09-10 00:01:37', '2015-09-10 00:01:37'),
(227, '27855f1033745ba1', 227, 11, 21, 0, 8.9835, 0, 0, '2015-09-10 11:30:00', '2015-09-10 13:30:00', NULL, NULL, '2015-09-10 00:12:39', '2015-09-10 00:12:39'),
(228, '99955f17666eed7e', 208, 10, 21, 0, 8.99, 0, 1, '2015-09-10 11:30:00', '2015-09-10 13:00:00', '2015-09-10 14:43:12', NULL, '2015-09-10 08:24:06', '2015-09-10 14:43:12'),
(229, '19555f1918f2c3f5', 228, 11, 21, 0, 8.98, 0, 1, '2015-09-10 11:30:00', '2015-09-10 13:30:00', '2015-09-10 14:43:09', NULL, '2015-09-10 10:19:59', '2015-09-10 14:43:09'),
(230, '52955f196913743b', 216, 11, 21, 0, 8.9835, 0, 1, '2015-09-10 11:30:00', '2015-09-10 13:30:00', '2015-09-10 14:43:07', NULL, '2015-09-10 10:41:21', '2015-09-10 14:43:07'),
(231, '17155f19732f376d', 210, 12, 21, 0, 10.9949, 0, 1, '2015-09-10 11:30:00', '2015-09-10 13:30:00', '2015-09-10 14:43:04', NULL, '2015-09-10 10:44:02', '2015-09-10 14:43:04'),
(232, '86155f197c697fbb', 229, 10, 21, 0, 8.99, 0, 1, '2015-09-10 11:30:00', '2015-09-10 13:00:00', '2015-09-10 14:43:01', NULL, '2015-09-10 10:46:30', '2015-09-10 14:43:01'),
(233, '37555f198f481f05', 212, 12, 21, 0, 14.9951, 0, 1, '2015-09-10 11:30:00', '2015-09-10 13:30:00', '2015-09-10 14:42:59', NULL, '2015-09-10 10:51:32', '2015-09-10 14:42:59'),
(234, '33455f19d42d6e7b', 230, 11, 21, 0, 8.9835, 0, 1, '2015-09-10 11:30:00', '2015-09-10 13:30:00', '2015-09-10 14:42:50', NULL, '2015-09-10 11:09:54', '2015-09-10 14:42:50'),
(235, '66555f1a10468649', 231, 11, 21, 0, 8.98, 0, 1, '2015-09-10 11:30:00', '2015-09-10 13:30:00', '2015-09-10 14:42:48', NULL, '2015-09-10 11:25:56', '2015-09-10 14:42:48'),
(236, '78955f1e4e6758de', 237, 11, 21, 1, 8.9835, 0, 0, '2015-09-10 16:30:00', '2015-09-10 19:00:00', NULL, NULL, '2015-09-10 16:15:34', '2015-09-10 16:15:34'),
(237, '41155f607f2bd218', 212, 10, 21, 2, 8.9948, 0, 0, '2015-09-14 11:30:00', '2015-09-14 13:00:00', NULL, NULL, '2015-09-13 19:34:10', '2015-09-13 19:34:10'),
(238, '38155f6df29c7d0f', 210, 11, 21, 0, 8.9835, 0, 0, '2015-09-14 11:30:00', '2015-09-14 13:30:00', NULL, NULL, '2015-09-14 10:52:25', '2015-09-14 10:52:25'),
(239, '47955f6df4547e59', 210, 10, 21, 0, 10.0005, 0, 0, '2015-09-14 11:30:00', '2015-09-14 13:00:00', NULL, NULL, '2015-09-14 10:52:53', '2015-09-14 10:52:53'),
(240, '85855f6e3c265103', 240, 11, 21, 0, 8.9835, 0, 0, '2015-09-14 11:30:00', '2015-09-14 13:30:00', NULL, NULL, '2015-09-14 11:12:02', '2015-09-14 11:12:02'),
(241, '53455f96a2ea2a70', 265, 11, 21, 0, 5.989, 0, 0, '2015-09-16 11:30:00', '2015-09-16 13:30:00', NULL, NULL, '2015-09-16 09:10:06', '2015-09-16 09:10:06'),
(242, '98155fa22b5ad57d', 273, 11, 21, 2, 11.978, 0, 1, '2015-09-17 11:30:00', '2015-09-17 13:30:00', '2015-09-17 13:52:51', NULL, '2015-09-16 22:17:25', '2015-09-17 13:52:51'),
(243, '47755fa2571449a3', 228, 11, 21, 2, 8.98, 0, 1, '2015-09-17 11:30:00', '2015-09-17 13:30:00', '2015-09-17 13:41:02', NULL, '2015-09-16 22:29:05', '2015-09-17 13:41:02'),
(244, '64355fa26e1b6e49', 229, 11, 21, 2, 8.98, 0, 1, '2015-09-17 11:30:00', '2015-09-17 13:30:00', '2015-09-17 13:45:48', NULL, '2015-09-16 22:35:13', '2015-09-17 13:45:48'),
(245, '97355fa4323ed74c', 281, 11, 23, 0, 14.97, 0, 0, '2015-09-17 11:30:00', '2015-09-17 13:30:00', NULL, NULL, '2015-09-17 00:35:47', '2015-09-17 00:35:47'),
(246, '65355facc0a8ad4c', 285, 10, 21, 0, 8.9948, 0, 1, '2015-09-17 11:30:00', '2015-09-17 13:00:00', '2015-09-17 13:48:43', NULL, '2015-09-17 10:19:54', '2015-09-17 13:48:43'),
(247, '48255fad954c914b', 279, 11, 21, 0, 8.9835, 0, 1, '2015-09-17 11:30:00', '2015-09-17 13:30:00', '2015-09-17 13:48:19', NULL, '2015-09-17 11:16:36', '2015-09-17 13:48:19'),
(248, '73455fadb0c34de0', 210, 11, 21, 0, 11.978, 0, 1, '2015-09-17 11:30:00', '2015-09-17 13:30:00', '2015-09-17 13:44:35', NULL, '2015-09-17 11:23:56', '2015-09-17 13:44:35'),
(249, '69855faf5159ad7e', 287, 11, 21, 2, 14.9725, 0, 1, '2015-09-18 11:30:00', '2015-09-18 13:30:00', '2015-09-18 13:42:22', NULL, '2015-09-17 13:15:01', '2015-09-18 13:42:22'),
(250, '35255fb68d264d0d', 257, 12, 21, 2, 32.9847, 0, 1, '2015-09-18 11:30:00', '2015-09-18 13:30:00', '2015-09-18 13:42:59', NULL, '2015-09-17 21:28:50', '2015-09-18 13:42:59'),
(251, '11955fc0b803503e', 272, 10, 21, 0, 18.0009, 0, 1, '2015-09-18 11:30:00', '2015-09-18 13:00:00', '2015-09-18 13:06:00', NULL, '2015-09-18 09:02:56', '2015-09-18 13:06:00'),
(252, '51655fc1f00d961c', 295, 11, 21, 0, 11.98, 0, 0, '2015-09-18 11:30:00', '2015-09-18 13:30:00', NULL, NULL, '2015-09-18 10:26:08', '2015-09-18 10:26:08'),
(253, '24955fc24c40638f', 286, 11, 21, 0, 11.978, 0, 1, '2015-09-18 11:30:00', '2015-09-18 13:30:00', '2015-09-18 13:30:13', NULL, '2015-09-18 10:50:44', '2015-09-18 13:30:13'),
(254, '52755fc263ff1a04', 212, 12, 21, 0, 10.0005, 0, 1, '2015-09-18 11:30:00', '2015-09-18 13:30:00', '2015-09-18 13:43:41', NULL, '2015-09-18 10:57:03', '2015-09-18 13:43:41'),
(255, '68455fc26aecc854', 273, 11, 21, 0, 8.98, 0, 1, '2015-09-18 11:30:00', '2015-09-18 13:30:00', '2015-09-18 13:28:55', NULL, '2015-09-18 10:58:54', '2015-09-18 13:28:55'),
(256, '42155fc26e8362d7', 292, 11, 21, 0, 8.9835, 0, 1, '2015-09-18 11:30:00', '2015-09-18 13:30:00', '2015-09-18 13:40:00', NULL, '2015-09-18 10:59:52', '2015-09-18 13:40:00'),
(257, '99455fc295f40ebb', 208, 10, 21, 0, 10, 0, 1, '2015-09-18 11:30:00', '2015-09-18 13:00:00', '2015-09-18 13:31:21', NULL, '2015-09-18 11:10:23', '2015-09-18 13:31:21'),
(258, '79655fc2b344eeda', 228, 11, 21, 0, 2.99, 0, 1, '2015-09-18 11:30:00', '2015-09-18 13:30:00', '2015-09-18 13:30:44', NULL, '2015-09-18 11:18:12', '2015-09-18 13:30:44'),
(259, '90855fc2c31db734', 291, 11, 21, 0, 14.9725, 0, 1, '2015-09-18 11:30:00', '2015-09-18 13:30:00', '2015-09-18 13:42:46', NULL, '2015-09-18 11:22:25', '2015-09-18 13:42:46'),
(260, '82555fc3ac1ea986', 208, 10, 21, 2, 8, 0, 2, '2015-09-19 11:30:00', '2015-09-19 13:00:00', NULL, NULL, '2015-09-18 12:24:33', '2015-09-18 12:25:06'),
(261, '26755fc3db3c2f0f', 208, 10, 21, 2, 8, 0, 2, '2015-09-19 11:30:00', '2015-09-19 13:00:00', NULL, NULL, '2015-09-18 12:37:07', '2015-09-18 12:37:32'),
(262, '17855fc3e9b99516', 208, 10, 21, 2, 8, 0, 2, '2015-09-19 11:30:00', '2015-09-19 13:00:00', NULL, NULL, '2015-09-18 12:40:59', '2015-09-18 12:45:29'),
(263, '84455fc3ec390064', 208, 10, 21, 2, 8, 0, 2, '2015-09-19 11:30:00', '2015-09-19 13:00:00', NULL, NULL, '2015-09-18 12:41:39', '2015-09-18 12:45:24'),
(264, '13755fc402915376', 208, 10, 21, 2, 8, 0, 2, '2015-09-19 11:30:00', '2015-09-19 13:00:00', NULL, NULL, '2015-09-18 12:47:37', '2015-09-18 12:48:57'),
(265, '65255fc404ba75e4', 208, 10, 21, 2, 8, 0, 2, '2015-09-19 11:30:00', '2015-09-19 13:00:00', NULL, NULL, '2015-09-18 12:48:11', '2015-09-18 12:48:52'),
(266, '2345600220bc346c', 242, 10, 21, 0, 8.9948, 0, 1, '2015-09-21 11:30:00', '2015-09-21 13:00:00', '2015-09-22 10:08:28', NULL, '2015-09-21 11:28:11', '2015-09-22 10:08:28'),
(267, '3115600e3426ac9c', 273, 10, 21, 0, 6.9947, 0, 1, '2015-09-22 11:30:00', '2015-09-22 13:00:00', '2015-09-22 13:39:52', NULL, '2015-09-22 01:12:34', '2015-09-22 13:39:52'),
(268, '473560145900df60', 272, 10, 21, 0, 10.0005, 0, 1, '2015-09-22 11:30:00', '2015-09-22 13:00:00', '2015-09-22 13:39:50', NULL, '2015-09-22 08:12:00', '2015-09-22 13:39:50'),
(269, '8155602bc5541c58', 273, 11, 21, 0, 8.9835, 0, 1, '2015-09-23 11:30:00', '2015-09-23 13:30:00', '2015-09-23 14:32:28', NULL, '2015-09-23 10:51:01', '2015-09-23 14:32:28'),
(270, '5975602c39e03c6b', 210, 11, 21, 0, 8.9835, 0, 1, '2015-09-23 11:30:00', '2015-09-23 13:30:00', '2015-09-23 14:32:24', NULL, '2015-09-23 11:22:06', '2015-09-23 14:32:24'),
(271, '5915602c574d4066', 104, 11, 21, 0, 5.989, 0, 1, '2015-09-23 11:30:00', '2015-09-23 13:30:00', '2015-09-23 14:32:21', NULL, '2015-09-23 11:29:56', '2015-09-23 14:32:21'),
(272, '60256039dc81f8df', 229, 10, 21, 0, 10, 0, 0, '2015-09-24 11:30:00', '2015-09-24 13:00:00', NULL, NULL, '2015-09-24 02:52:56', '2015-09-24 02:52:56'),
(273, '95456049d6285a09', 306, 11, 21, 2, 14.9725, 0, 0, '2015-09-25 11:30:00', '2015-09-25 13:30:00', NULL, NULL, '2015-09-24 21:03:30', '2015-09-24 21:03:30'),
(274, '9025604da9a402b7', 211, 12, 21, 0, 14.9951, 0, 2, '2015-09-25 11:30:00', '2015-09-25 13:30:00', NULL, NULL, '2015-09-25 01:24:42', '2015-09-25 01:35:53'),
(275, '5845604dae478c4b', 211, 12, 21, 0, 44.9853, 0, 2, '2015-09-25 11:30:00', '2015-09-25 13:30:00', NULL, NULL, '2015-09-25 01:25:56', '2015-09-25 01:36:03'),
(276, '3565604e17f00e49', 211, 10, 21, 0, 3.0171, 0, 2, '2015-09-25 11:30:00', '2015-09-25 13:00:00', NULL, NULL, '2015-09-25 01:54:07', '2015-09-25 01:54:10'),
(277, '7795604e18d90724', 211, 10, 21, 0, 44.9853, 0, 2, '2015-09-25 11:30:00', '2015-09-25 13:00:00', NULL, NULL, '2015-09-25 01:54:21', '2015-09-25 03:28:51'),
(278, '525560563f064492', 104, 11, 21, 0, 8.9835, 0, 0, '2015-09-25 11:30:00', '2015-09-25 13:30:00', NULL, NULL, '2015-09-25 11:10:40', '2015-09-25 11:10:40'),
(279, '60956056421a41c4', 273, 10, 21, 0, 8.9948, 0, 0, '2015-09-25 11:30:00', '2015-09-25 13:00:00', NULL, NULL, '2015-09-25 11:11:29', '2015-09-25 11:11:29'),
(280, '66756056749c24fa', 276, 11, 21, 0, 23.956, 0, 0, '2015-09-25 11:30:00', '2015-09-25 13:30:00', NULL, NULL, '2015-09-25 11:24:57', '2015-09-25 11:24:57'),
(281, '586560567874a8fe', 210, 10, 21, 0, 18.9953, 0, 0, '2015-09-25 11:30:00', '2015-09-25 13:00:00', NULL, NULL, '2015-09-25 11:25:59', '2015-09-25 11:25:59'),
(282, '94056094004c4778', 270, 11, 21, 0, 11.978, 0, 2, '2015-09-28 11:30:00', '2015-09-28 13:30:00', NULL, NULL, '2015-09-28 09:26:28', '2015-09-28 09:26:28'),
(283, '4865609586495ce5', 273, 10, 21, 0, 8.0004, 0, 2, '2015-09-28 11:30:00', '2015-09-28 13:00:00', NULL, NULL, '2015-09-28 11:10:28', '2015-09-28 11:10:28'),
(284, '44956095bdadb8a9', 276, 10, 21, 0, 20.001, 0, 2, '2015-09-28 11:30:00', '2015-09-28 13:00:00', NULL, NULL, '2015-09-28 11:25:14', '2015-09-28 11:25:14'),
(285, '407560a04b8a40a5', 211, 10, 21, 2, 5.0285, 0, 2, '2015-09-29 11:30:00', '2015-09-29 13:00:00', NULL, NULL, '2015-09-28 23:25:44', '2015-09-29 00:01:19'),
(286, '228560a0d47771a7', 211, 10, 21, 0, 3.0171, 0, 2, '2015-09-29 11:30:00', '2015-09-29 13:00:00', NULL, NULL, '2015-09-29 00:02:15', '2015-09-29 01:21:12'),
(287, '631560ab9f3b4d33', 211, 12, 21, 2, 14.9951, 0, 2, '2015-09-30 11:30:00', '2015-09-30 13:30:00', NULL, NULL, '2015-09-29 12:18:59', '2015-09-29 12:20:41'),
(288, '980560ad7b9dadd7', 251, 11, 21, 2, 11.98, 0, 2, '2015-09-30 11:30:00', '2015-09-30 13:30:00', NULL, NULL, '2015-09-29 14:26:01', '2015-09-29 14:26:37'),
(289, '476560af34774097', 228, 11, 21, 2, 8.98, 0, 1, '2015-09-30 11:30:00', '2015-09-30 13:30:00', '2015-10-01 00:46:34', NULL, '2015-09-29 16:23:35', '2015-10-01 00:46:34'),
(290, '290560b2a99bdfa3', 208, 11, 21, 2, 2.99, 0, 2, '2015-09-30 11:30:00', '2015-09-30 13:30:00', NULL, NULL, '2015-09-29 20:19:37', '2015-09-29 20:20:07'),
(291, '892560b51bada4ee', 211, 12, 21, 2, 59.9804, 0, 2, '2015-09-30 11:30:00', '2015-09-30 13:30:00', NULL, NULL, '2015-09-29 23:06:34', '2015-09-29 23:06:37'),
(292, '639560b584a0e3ff', 211, 12, 21, 2, 44.9853, 0, 2, '2015-09-30 11:30:00', '2015-09-30 13:30:00', NULL, NULL, '2015-09-29 23:34:34', '2015-09-29 23:34:37'),
(293, '319560bfb1e3d8bf', 276, 11, 21, 0, 35.934, 0, 1, '2015-09-30 11:30:00', '2015-09-30 13:30:00', '2015-10-01 00:46:30', NULL, '2015-09-30 11:09:18', '2015-10-01 00:46:30'),
(294, '983560bfce0a864f', 212, 11, 21, 0, 2.9945, 0, 1, '2015-09-30 11:30:00', '2015-09-30 13:30:00', '2015-10-01 00:46:27', NULL, '2015-09-30 11:16:48', '2015-10-01 00:46:27'),
(295, '114560c0ff071eca', 211, 12, 21, 2, 29.9902, 0, 2, '2015-10-01 11:30:00', '2015-10-01 13:30:00', NULL, NULL, '2015-09-30 12:38:08', '2015-09-30 12:38:14'),
(296, '467560c8aea5ad26', 104, 10, 21, 2, 1.0057, 0, 2, '2015-10-01 11:30:00', '2015-10-01 13:00:00', NULL, NULL, '2015-09-30 21:22:50', '2015-09-30 21:22:50'),
(297, '323560cb1061d2dd', 211, 12, 21, 2, 29.9902, 0, 2, '2015-10-01 11:30:00', '2015-10-01 13:30:00', NULL, NULL, '2015-10-01 00:05:26', '2015-10-01 00:11:18'),
(298, '260560de58881712', 104, 10, 21, 2, 1.0057, 0, 2, '2015-10-02 11:30:00', '2015-10-02 13:00:00', NULL, NULL, '2015-10-01 22:01:44', '2015-10-01 22:01:44'),
(299, '621560de5c945a29', 104, 10, 21, 2, 1.0057, 0, 2, '2015-10-02 11:30:00', '2015-10-02 13:00:00', NULL, NULL, '2015-10-01 22:02:49', '2015-10-01 22:02:49'),
(300, '226560df6038dd29', 226, 12, 21, 2, 29.9902, 0, 2, '2015-10-02 11:30:00', '2015-10-02 13:30:00', NULL, NULL, '2015-10-01 23:12:03', '2015-10-01 23:26:46'),
(301, '340560df73ddaaf8', 210, 10, 21, 2, 1.0057, 0, 2, '2015-10-02 11:30:00', '2015-10-02 13:00:00', NULL, NULL, '2015-10-01 23:17:17', '2015-10-01 23:17:28'),
(302, '650560ea17d1a123', 276, 11, 21, 0, 23.956, 0, 2, '2015-10-02 11:30:00', '2015-10-02 13:30:00', NULL, NULL, '2015-10-02 11:23:41', '2015-10-02 11:23:41'),
(303, '6155611a3da40c04', 211, 10, 21, 2, 5.0285, 0, 2, '2015-10-05 11:30:00', '2015-10-05 13:00:00', NULL, NULL, '2015-10-04 18:10:34', '2015-10-04 20:36:40'),
(304, '3615611ca8b8a44f', 211, 10, 21, 2, 3.0171, 0, 2, '2015-10-05 11:30:00', '2015-10-05 13:00:00', NULL, NULL, '2015-10-04 20:55:39', '2015-10-04 21:04:02'),
(305, '4415612934d905fd', 292, 10, 21, 0, 8.0004, 0, 2, '2015-10-05 11:30:00', '2015-10-05 13:00:00', NULL, NULL, '2015-10-05 11:12:13', '2015-10-05 11:12:13'),
(306, '7795613db0a4e968', 210, 10, 21, 0, 1.0057, 0, 2, '2015-10-06 11:30:00', '2015-10-06 13:00:00', '2015-10-06 10:58:58', NULL, '2015-10-06 10:30:34', '2015-10-06 10:58:58'),
(307, '8755613f6304640e', 211, 12, 21, 2, 14.9951, 0, 2, '2015-10-07 11:30:00', '2015-10-07 13:30:00', NULL, NULL, '2015-10-06 12:26:24', '2015-10-06 12:29:06'),
(308, '91456149e00ee448', 314, 11, 21, 0, 8.9835, 0, 0, '2015-10-07 11:30:00', '2015-10-07 13:30:00', NULL, NULL, '2015-10-07 00:22:24', '2015-10-07 00:22:24'),
(309, '83456153c992b56c', 228, 11, 21, 2, 8.98, 0, 1, '2015-10-08 11:30:00', '2015-10-08 13:30:00', '2015-10-08 13:39:26', NULL, '2015-10-07 11:39:05', '2015-10-08 13:39:26'),
(310, '30256153d4990c7a', 317, 11, 21, 2, 11.98, 0, 1, '2015-10-08 11:30:00', '2015-10-08 13:30:00', '2015-10-08 13:39:30', NULL, '2015-10-07 11:42:01', '2015-10-08 13:39:30'),
(311, '4125617da378736b', 276, 11, 21, 0, 17.967, 0, 0, '2015-10-09 11:30:00', '2015-10-09 13:30:00', NULL, NULL, '2015-10-09 11:16:07', '2015-10-09 11:16:07'),
(312, '3595617db91121e8', 104, 11, 21, 0, 5.989, 0, 0, '2015-10-09 11:30:00', '2015-10-09 13:30:00', NULL, NULL, '2015-10-09 11:21:53', '2015-10-09 11:21:53'),
(313, '671561e66e7d367d', 272, 12, 21, 0, 10.9949, 0, 1, '2015-10-14 11:30:00', '2015-10-14 13:30:00', '2015-10-14 13:38:48', NULL, '2015-10-14 10:29:59', '2015-10-14 13:38:48'),
(314, '717561fc134d089c', 228, 10, 21, 0, 8.99, 0, 0, '2015-10-15 11:30:00', '2015-10-15 13:00:00', NULL, NULL, '2015-10-15 11:07:32', '2015-10-15 11:07:32'),
(315, '42256205b3f434a0', 276, 11, 21, 2, 29.945, 0, 0, '2015-10-16 11:30:00', '2015-10-16 13:30:00', NULL, NULL, '2015-10-15 22:04:47', '2015-10-15 22:04:47'),
(316, '84756264792b62d6', 228, 10, 21, 0, 10, 0, 0, '2015-10-20 11:30:00', '2015-10-20 13:00:00', NULL, NULL, '2015-10-20 09:54:26', '2015-10-20 09:54:26'),
(317, '6185626d790b56e7', 251, 11, 21, 2, 11.98, 0, 2, '2015-10-21 11:30:00', '2015-10-21 13:30:00', NULL, NULL, '2015-10-20 20:08:48', '2015-10-20 20:09:23'),
(318, '66256295508c456d', 211, 12, 21, 2, 44.9853, 0, 2, '2015-10-23 11:30:00', '2015-10-23 13:30:00', NULL, NULL, '2015-10-22 17:28:40', '2015-10-23 01:04:57'),
(319, '8505629c052885fb', 211, 12, 21, 0, 29.9902, 0, 2, '2015-10-23 11:30:00', '2015-10-23 13:30:00', NULL, NULL, '2015-10-23 01:06:26', '2015-10-23 01:07:01'),
(320, '809562a4128461d7', 320, 11, 21, 0, 8.9835, 0, 0, '2015-10-23 11:30:00', '2015-10-23 13:30:00', NULL, NULL, '2015-10-23 10:16:08', '2015-10-23 10:16:08'),
(321, '578562a4c1100bd2', 104, 11, 21, 0, 8.9835, 0, 2, '2015-10-23 11:30:00', '2015-10-23 13:30:00', NULL, NULL, '2015-10-23 11:02:41', '2015-10-23 11:02:58'),
(322, '296562a4c4aca8ad', 210, 11, 21, 0, 8.9835, 0, 0, '2015-10-23 11:30:00', '2015-10-23 13:30:00', NULL, NULL, '2015-10-23 11:03:38', '2015-10-23 11:03:38'),
(323, '189562a4d884e854', 104, 11, 21, 0, 8.9835, 0, 0, '2015-10-23 11:30:00', '2015-10-23 13:30:00', NULL, NULL, '2015-10-23 11:08:56', '2015-10-23 11:08:56'),
(324, '923562fc7fe2cbc1', 228, 11, 21, 2, 2.99, 0, 2, '2015-10-28 11:30:00', '2015-10-28 13:30:00', NULL, NULL, '2015-10-27 14:52:46', '2015-10-27 14:53:03'),
(325, '9175630253546a0e', 325, 11, 21, 2, 2.99, 0, 2, '2015-10-28 11:30:00', '2015-10-28 13:30:00', NULL, NULL, '2015-10-27 21:30:29', '2015-10-27 21:39:29'),
(326, '855563028bef41cd', 104, 11, 21, 2, 8.9835, 0, 2, '2015-10-28 11:30:00', '2015-10-28 13:30:00', NULL, NULL, '2015-10-27 21:45:34', '2015-10-27 21:45:34'),
(327, '857563028f1b78df', 104, 11, 21, 2, 8.9835, 0, 2, '2015-10-28 11:30:00', '2015-10-28 13:30:00', NULL, NULL, '2015-10-27 21:46:25', '2015-10-27 21:46:25'),
(328, '36856302a5458f36', 212, 11, 21, 2, 8.9835, 0, 2, '2015-10-28 11:30:00', '2015-10-28 13:30:00', NULL, NULL, '2015-10-27 21:52:20', '2015-10-27 21:53:38'),
(329, '49456302b5b4272e', 104, 11, 21, 2, 8.9835, 0, 2, '2015-10-28 11:30:00', '2015-10-28 13:30:00', NULL, NULL, '2015-10-27 21:56:43', '2015-10-27 21:56:43'),
(330, '19256302c307d62d', 212, 11, 21, 2, 8.9835, 0, 2, '2015-10-28 11:30:00', '2015-10-28 13:30:00', NULL, NULL, '2015-10-27 22:00:16', '2015-10-27 22:00:38'),
(331, '3025630d53e1d2f4', 228, 11, 21, 0, 14.97, 0, 2, '2015-10-28 11:30:00', '2015-10-28 13:30:00', NULL, NULL, '2015-10-28 10:01:34', '2015-10-28 10:02:16'),
(332, '6725630e0d46c928', 282, 11, 21, 0, 8.9835, 0, 2, '2015-10-28 11:30:00', '2015-10-28 13:30:00', NULL, NULL, '2015-10-28 10:51:00', '2015-10-28 10:51:00'),
(333, '1885638d7b3359b8', 313, 10, 21, 0, 10.0118, 0, 0, '2015-11-03 11:30:00', '2015-11-03 13:00:00', NULL, NULL, '2015-11-03 10:50:11', '2015-11-03 10:50:11'),
(334, '5325640b585715ce', 313, 10, 21, 0, 3.0171, 0, 0, '2015-11-09 11:30:00', '2015-11-09 13:00:00', NULL, NULL, '2015-11-09 10:02:29', '2015-11-09 10:02:29'),
(335, '429564259d0bdd05', 336, 11, 21, 2, 11.978, 0, 1, '2015-11-11 11:30:00', '2015-11-11 13:30:00', NULL, NULL, '2015-11-10 15:55:44', '2015-11-10 15:55:44'),
(336, '10256435ceb31adb', 272, 11, 21, 0, 11.978, 0, 1, '2015-11-11 11:30:00', '2015-11-11 13:30:00', '2015-11-11 13:39:03', NULL, '2015-11-11 10:21:15', '2015-11-11 13:39:03'),
(337, '17056435d36c12fe', 228, 11, 21, 0, 8.9835, 0, 1, '2015-11-11 11:30:00', '2015-11-11 13:30:00', NULL, NULL, '2015-11-11 10:22:30', '2015-11-11 10:22:30'),
(338, '7665643626201983', 272, 11, 21, 0, 11.978, 0, 1, '2015-11-11 11:30:00', '2015-11-11 13:30:00', '2015-11-11 13:39:00', NULL, '2015-11-11 10:44:34', '2015-11-11 13:39:00'),
(339, '9365645fa3ec79ff', 313, 10, 21, 0, 10.0005, 0, 1, '2015-11-13 11:30:00', '2015-11-13 13:00:00', '2015-11-13 15:24:39', NULL, '2015-11-13 09:57:02', '2015-11-13 15:24:39'),
(340, '46956460ac4d3663', 216, 10, 21, 0, 10.0005, 0, 1, '2015-11-13 11:30:00', '2015-11-13 13:00:00', '2015-11-13 15:24:41', NULL, '2015-11-13 11:07:32', '2015-11-13 15:24:41'),
(341, '39056460b50e3036', 212, 10, 21, 0, 10.0005, 0, 1, '2015-11-13 11:30:00', '2015-11-13 13:00:00', '2015-11-13 15:24:43', NULL, '2015-11-13 11:09:52', '2015-11-13 15:24:43'),
(342, '21656497e41cd247', 290, 11, 21, 0, 14.9725, 0, 1, '2015-11-16 11:30:00', '2015-11-16 13:30:00', '2015-11-16 13:23:08', NULL, '2015-11-16 01:57:05', '2015-11-16 13:23:08'),
(343, '8655649f7a90e1b2', 272, 10, 21, 0, 29.0071, 0, 1, '2015-11-16 11:30:00', '2015-11-16 13:00:00', '2015-11-16 13:21:36', NULL, '2015-11-16 10:35:05', '2015-11-16 13:21:36'),
(344, '175564a01d38504e', 216, 11, 21, 0, 8.9835, 0, 1, '2015-11-16 11:30:00', '2015-11-16 13:30:00', NULL, NULL, '2015-11-16 11:18:27', '2015-11-16 11:18:27'),
(345, '493564b3c8baead6', 212, 13, 21, 0, 8.0004, 0, 2, '2015-11-17 11:30:00', '2015-11-17 13:00:00', NULL, NULL, '2015-11-17 09:41:15', '2015-11-17 09:41:15'),
(346, '849564d06c2cfca7', 337, 11, 21, 2, 8.9835, 0, 2, '2015-11-19 11:30:00', '2015-11-19 13:30:00', NULL, NULL, '2015-11-18 18:16:18', '2015-11-18 18:18:19'),
(347, '105564dda3f83598', 313, 13, 21, 0, 15.9782, 0, 1, '2015-11-19 11:30:00', '2015-11-19 13:00:00', '2015-11-19 16:35:52', NULL, '2015-11-19 09:18:39', '2015-11-19 16:35:52'),
(348, '103564de5ea8aef5', 228, 13, 21, 0, 6.9947, 0, 1, '2015-11-19 11:30:00', '2015-11-19 13:00:00', '2015-11-19 16:35:54', NULL, '2015-11-19 10:08:26', '2015-11-19 16:35:54'),
(349, '763564df93716761', 272, 10, 21, 2, 16.0008, 0, 1, '2015-11-20 11:30:00', '2015-11-20 13:00:00', NULL, NULL, '2015-11-19 11:30:47', '2015-11-19 11:30:47'),
(350, '792564e417da4ff4', 104, 13, 21, 2, 9.9892, 0, 2, '2015-11-20 11:30:00', '2015-11-20 13:00:00', NULL, NULL, '2015-11-19 16:39:09', '2015-11-19 16:39:09'),
(351, '861564e42fe62057', 210, 13, 21, 2, 9.9892, 0, 2, '2015-11-20 11:30:00', '2015-11-20 13:00:00', NULL, NULL, '2015-11-19 16:45:34', '2015-11-19 16:45:34'),
(352, '461564e4f53c3f8c', 228, 10, 21, 2, 69.98, 0, 2, '2015-11-20 11:30:00', '2015-11-20 13:00:00', NULL, NULL, '2015-11-19 17:38:11', '2015-11-19 17:43:08'),
(353, '424564e90aa3bfda', 340, 10, 21, 2, 14.9951, 0, 2, '2015-11-20 11:30:00', '2015-11-20 13:00:00', NULL, NULL, '2015-11-19 22:16:58', '2015-11-19 22:31:45'),
(354, '842564f3a03db52f', 341, 11, 21, 0, 8.9835, 0, 2, '2015-11-20 11:30:00', '2015-11-20 13:30:00', NULL, NULL, '2015-11-20 10:19:31', '2015-11-20 10:19:31'),
(355, '3785651ebfb9315e', 341, 10, 21, 0, 16.9952, 0, 0, '2015-11-22 11:30:00', '2015-11-22 13:00:00', NULL, NULL, '2015-11-22 11:23:23', '2015-11-22 11:23:23'),
(356, '7215654066e7f95b', 348, 13, 21, 0, 49.41, 5, 2, '2015-11-24 11:30:00', '2015-11-24 13:00:00', NULL, NULL, '2015-11-24 01:40:46', '2015-11-24 02:54:28'),
(357, '71656540902b9c3d', 348, 13, 21, 0, 49.41, 5, 2, '2015-11-24 11:30:00', '2015-11-24 13:00:00', NULL, NULL, '2015-11-24 01:51:46', '2015-11-24 08:38:15'),
(358, '65656540ab0e5bcb', 348, 13, 21, 0, 49.41, 5, 2, '2015-11-24 11:30:00', '2015-11-24 13:00:00', NULL, NULL, '2015-11-24 01:58:56', '2015-11-24 02:54:24'),
(359, '51656540ae5e73bc', 348, 13, 21, 0, 49.41, 5, 2, '2015-11-24 11:30:00', '2015-11-24 13:00:00', NULL, NULL, '2015-11-24 01:59:49', '2015-11-24 02:54:03'),
(360, '99456540b8f7107e', 348, 13, 21, 0, 49.41, 5, 2, '2015-11-24 11:30:00', '2015-11-24 13:00:00', NULL, NULL, '2015-11-24 02:02:39', '2015-11-24 02:53:59'),
(361, '11156540baaf083a', 348, 13, 21, 0, 49.41, 5, 2, '2015-11-24 11:30:00', '2015-11-24 13:00:00', NULL, NULL, '2015-11-24 02:03:06', '2015-11-24 02:53:23'),
(362, '78556540ed4a1bb5', 348, 13, 21, 0, 49.41, 5, 2, '2015-11-24 11:30:00', '2015-11-24 13:00:00', NULL, NULL, '2015-11-24 02:16:36', '2015-11-24 02:53:19'),
(363, '55856540f723b884', 348, 13, 21, 0, 49.41, 5, 2, '2015-11-24 11:30:00', '2015-11-24 13:00:00', NULL, NULL, '2015-11-24 02:19:14', '2015-11-24 02:53:15'),
(364, '99156540ff549644', 348, 13, 21, 0, 49.41, 5, 2, '2015-11-24 11:30:00', '2015-11-24 13:00:00', NULL, NULL, '2015-11-24 02:21:25', '2015-11-24 02:53:11'),
(365, '197565410854ee3c', 348, 13, 21, 0, 49.41, 5, 2, '2015-11-24 11:30:00', '2015-11-24 13:00:00', NULL, NULL, '2015-11-24 02:23:49', '2015-11-24 02:52:44'),
(366, '23656541474340a6', 348, 13, 21, 0, 54.8, 5, 2, '2015-11-24 11:30:00', '2015-11-24 13:00:00', NULL, NULL, '2015-11-24 02:40:36', '2015-11-24 02:53:07'),
(367, '659565416fd2428c', 348, 13, 21, 0, 49.41, 5, 2, '2015-11-24 11:30:00', '2015-11-24 13:00:00', NULL, NULL, '2015-11-24 02:51:25', '2015-11-24 02:52:55'),
(368, '63556549f2006b8d', 348, 12, 21, 2, 65.98, 7, 2, '2015-11-25 11:30:00', '2015-11-25 13:30:00', NULL, NULL, '2015-11-24 12:32:16', '2015-11-24 12:36:40'),
(369, '9375654c7934fa5a', 349, 13, 21, 2, 14.9951, 0, 1, '2015-11-25 11:30:00', '2015-11-25 13:00:00', NULL, NULL, '2015-11-24 15:24:51', '2015-11-24 15:24:51'),
(370, '184565537c1116fe', 348, 12, 21, 2, 49.49, 5, 2, '2015-11-25 11:30:00', '2015-11-25 13:30:00', NULL, NULL, '2015-11-24 23:23:29', '2015-11-24 23:23:34'),
(371, '2565655ddafe5440', 348, 12, 21, 0, 32.99, 3, 2, '2015-11-25 11:30:00', '2015-11-25 13:30:00', NULL, NULL, '2015-11-25 11:11:27', '2015-11-25 11:11:51'),
(372, '1735655dded601e6', 348, 12, 21, 0, 82.48, 9, 2, '2015-11-25 11:30:00', '2015-11-25 13:30:00', NULL, NULL, '2015-11-25 11:12:29', '2015-11-25 11:12:41'),
(373, '1375655de19bcbf3', 348, 12, 21, 0, 49.49, 5, 2, '2015-11-25 11:30:00', '2015-11-25 13:30:00', NULL, NULL, '2015-11-25 11:13:13', '2015-11-25 11:13:27'),
(374, '3625655ef946845a', 212, 10, 21, 2, 16.5, 2, 2, '2015-11-26 11:30:00', '2015-11-26 13:00:00', NULL, NULL, '2015-11-25 12:27:48', '2015-11-26 08:57:02'),
(375, '6655655effc8d167', 228, 11, 21, 2, 3.3, 0, 2, '2015-11-26 11:30:00', '2015-11-26 13:30:00', NULL, NULL, '2015-11-25 12:29:32', '2015-11-25 12:29:58'),
(376, '50056567c9c93701', 349, 10, 21, 2, 14.9951, 0, 1, '2015-11-26 11:30:00', '2015-11-26 13:00:00', '2015-11-27 00:30:09', NULL, '2015-11-25 22:29:32', '2015-11-27 00:30:09'),
(377, '328565c6e5d1c696', 282, 11, 21, 0, 8.9835, 0, 1, '2015-11-30 11:30:00', '2015-11-30 13:30:00', '2015-11-30 14:28:57', NULL, '2015-11-30 10:42:21', '2015-11-30 14:28:57'),
(378, '218565c72c473dde', 313, 10, 21, 0, 12.0232, 0, 2, '2015-11-30 11:30:00', '2015-11-30 13:00:00', NULL, NULL, '2015-11-30 11:01:08', '2015-11-30 11:01:08'),
(379, '164565db54ab0359', 228, 10, 21, 0, 8.9948, 0, 2, '2015-12-01 11:30:00', '2015-12-01 13:00:00', NULL, NULL, '2015-12-01 09:57:14', '2015-12-01 09:57:14'),
(380, '215565ff993d5467', 348, 11, 21, 0, 89.98, 9, 2, '2015-12-03 11:30:00', '2015-12-03 13:30:00', NULL, NULL, '2015-12-03 03:13:07', '2015-12-03 03:13:31'),
(381, '879565ffbf67956f', 348, 11, 21, 0, 7.21, 1, 2, '2015-12-03 11:30:00', '2015-12-03 13:30:00', NULL, NULL, '2015-12-03 03:23:18', '2015-12-03 03:27:23'),
(382, '566565ffcfa1c5ed', 348, 11, 21, 0, 4.81, 0, 2, '2015-12-03 11:30:00', '2015-12-03 13:30:00', NULL, NULL, '2015-12-03 03:27:38', '2015-12-03 03:29:45'),
(383, '901565ffd88b1f95', 348, 11, 21, 0, 29.89, 3, 2, '2015-12-03 11:30:00', '2015-12-03 13:30:00', NULL, NULL, '2015-12-03 03:30:00', '2015-12-03 03:32:29'),
(384, '23356600116246cd', 348, 11, 21, 0, 6.61, 1, 2, '2015-12-03 11:30:00', '2015-12-03 13:30:00', NULL, NULL, '2015-12-03 03:45:10', '2015-12-03 03:46:06'),
(385, '384566062b26cc93', 341, 11, 21, 0, 17.967, 0, 1, '2015-12-03 11:30:00', '2015-12-03 13:30:00', '2015-12-03 16:15:27', NULL, '2015-12-03 10:41:38', '2015-12-03 16:15:27'),
(386, '2245661b833b9765', 351, 11, 21, 0, 12.9837, 0, 1, '2015-12-04 11:30:00', '2015-12-04 13:30:00', '2015-12-04 13:25:30', NULL, '2015-12-04 10:58:43', '2015-12-04 13:25:30'),
(387, '6745661b83f38800', 341, 11, 21, 0, 8.9835, 0, 1, '2015-12-04 11:30:00', '2015-12-04 13:30:00', '2015-12-04 13:25:33', NULL, '2015-12-04 10:58:55', '2015-12-04 13:25:33'),
(388, '886566850b276eef', 317, 13, 21, 0, 11.9893, 0, 2, '2015-12-09 11:30:00', '2015-12-09 13:00:00', NULL, NULL, '2015-12-09 11:02:58', '2015-12-09 11:02:58'),
(389, '20456690135cd11b', 258, 11, 21, 2, 10.6785, 0, 1, '2015-12-10 11:30:00', '2015-12-10 13:30:00', '2015-12-10 15:06:04', NULL, '2015-12-09 23:36:05', '2015-12-10 15:06:04'),
(390, '7035669983b0047f', 274, 11, 21, 0, 12.9837, 0, 1, '2015-12-10 11:30:00', '2015-12-10 13:30:00', '2015-12-10 15:06:02', NULL, '2015-12-10 10:20:27', '2015-12-10 15:06:02'),
(391, '39956699a8705f88', 313, 10, 21, 0, 4.0228, 0, 1, '2015-12-10 11:30:00', '2015-12-10 13:00:00', '2015-12-10 15:06:00', NULL, '2015-12-10 10:30:15', '2015-12-10 15:06:00'),
(392, '287566a3734554c4', 258, 10, 21, 2, 22.9955, 0, 1, '2015-12-11 11:30:00', '2015-12-11 13:00:00', '2015-12-11 13:27:35', NULL, '2015-12-10 21:38:44', '2015-12-11 13:27:35'),
(393, '308566adf9a7bfc6', 274, 11, 21, 0, 8.9835, 0, 1, '2015-12-11 11:30:00', '2015-12-11 13:30:00', '2015-12-11 14:18:14', NULL, '2015-12-11 09:37:14', '2015-12-11 14:18:14'),
(394, '727566fc7b94ec00', 208, 10, 21, 2, 1.14, 0, 2, '2015-12-15 11:30:00', '2015-12-15 13:00:00', NULL, NULL, '2015-12-15 02:56:41', '2015-12-15 02:57:16'),
(395, '14956719ae6304fd', 228, 11, 21, 2, 2.27, 0, 2, '2015-12-17 11:30:00', '2015-12-17 13:30:00', NULL, NULL, '2015-12-16 12:09:58', '2015-12-16 12:10:33'),
(396, '80556719cceb4b1a', 228, 12, 21, 2, 16.99, 2, 2, '2015-12-17 11:30:00', '2015-12-17 13:30:00', NULL, NULL, '2015-12-16 12:18:06', '2015-12-16 12:19:54'),
(397, '46656719d4b8555d', 228, 10, 21, 2, 1.14, 0, 2, '2015-12-17 11:30:00', '2015-12-17 13:00:00', NULL, NULL, '2015-12-16 12:20:11', '2015-12-16 12:20:11'),
(398, '1625671a630b4bea', 228, 11, 21, 2, 10.68, 0, 2, '2015-12-17 11:30:00', '2015-12-17 13:30:00', NULL, NULL, '2015-12-16 12:58:08', '2015-12-16 12:58:08'),
(399, '7005671ab34513cf', 212, 10, 21, 2, 1.11, 0, 2, '2015-12-17 11:30:00', '2015-12-17 13:00:00', NULL, NULL, '2015-12-16 13:19:32', '2015-12-16 13:19:32'),
(400, '382567349cf2092e', 258, 12, 21, 2, 12.995, 0, 2, '2015-12-18 11:30:00', '2015-12-18 13:30:00', NULL, NULL, '2015-12-17 18:48:31', '2015-12-17 18:48:31'),
(401, '818569027c80a5cc', 212, 12, 21, 2, 6.29, 1, 2, '2016-01-09 11:30:00', '2016-01-09 13:30:00', NULL, NULL, '2016-01-08 16:19:04', '2016-01-08 16:19:04'),
(402, '49956930128b2ab4', 352, 10, 21, 2, 11.01, 1, 2, '2016-01-11 11:30:00', '2016-01-11 13:00:00', NULL, NULL, '2016-01-10 20:11:04', '2016-01-10 20:11:04'),
(403, '367569d8aacede01', 258, 12, 21, 2, 22.05, 2, 2, '2016-01-19 11:30:00', '2016-01-19 13:30:00', NULL, NULL, '2016-01-18 20:00:28', '2016-01-18 20:00:28'),
(404, '686569efd908aa0d', 258, 12, 21, 2, 22.05, 2, 2, '2016-01-20 11:30:00', '2016-01-20 13:30:00', NULL, NULL, '2016-01-19 22:22:56', '2016-01-19 22:22:56'),
(405, '18356d86133e1556', 317, 12, 21, 0, 12.1, 1, 0, '2016-03-03 11:30:00', '2016-03-03 13:30:00', NULL, NULL, '2016-03-03 11:07:16', '2016-03-03 11:07:16'),
(406, '83456d86363c2df4', 300, 11, 21, 0, 9.89, 1, 0, '2016-03-03 11:30:00', '2016-03-03 13:30:00', NULL, NULL, '2016-03-03 11:16:35', '2016-03-03 11:16:35'),
(407, '77956e9778a62cea', 242, 12, 21, 0, 12.1, 1, 0, '2016-03-16 11:30:00', '2016-03-16 13:30:00', NULL, NULL, '2016-03-16 11:11:06', '2016-03-16 11:11:06');

-- --------------------------------------------------------

--
-- Table structure for table `order_details`
--

CREATE TABLE IF NOT EXISTS `order_details` (
  `id` int(11) unsigned NOT NULL AUTO_INCREMENT,
  `order_id` int(11) NOT NULL,
  `product_id` int(11) NOT NULL,
  `quantity` int(11) DEFAULT NULL,
  `sub_total` double DEFAULT NULL,
  `created` datetime DEFAULT NULL,
  `modified` datetime DEFAULT NULL,
  PRIMARY KEY (`id`)
) ENGINE=InnoDB  DEFAULT CHARSET=utf8 AUTO_INCREMENT=564 ;

--
-- Dumping data for table `order_details`
--

INSERT INTO `order_details` (`id`, `order_id`, `product_id`, `quantity`, `sub_total`, `created`, `modified`) VALUES
(300, 209, 13, 1, 8.85, '2015-08-17 19:40:57', '2015-08-17 19:40:57'),
(301, 210, 12, 1, 7.96, '2015-08-17 20:25:20', '2015-08-17 20:25:20'),
(302, 210, 15, 1, 13.27, '2015-08-17 20:25:20', '2015-08-17 20:25:20'),
(303, 211, 29, 1, 5.3, '2015-08-18 21:51:42', '2015-08-18 21:51:42'),
(304, 212, 24, 1, 7.95, '2015-08-26 19:42:04', '2015-08-26 19:42:04'),
(305, 213, 29, 1, 5.3, '2015-08-26 19:42:45', '2015-08-26 19:42:45'),
(306, 214, 29, 2, 10.6, '2015-09-02 16:31:00', '2015-09-02 16:31:00'),
(307, 215, 29, 3, 15.9, '2015-09-02 16:34:07', '2015-09-02 16:34:07'),
(308, 216, 11, 1, 7.08, '2015-09-07 19:56:52', '2015-09-07 19:56:52'),
(309, 217, 11, 1, 7.08, '2015-09-07 19:57:49', '2015-09-07 19:57:49'),
(310, 218, 11, 2, 14.16, '2015-09-07 19:58:48', '2015-09-07 19:58:48'),
(311, 219, 16, 1, 7.96, '2015-09-07 19:58:53', '2015-09-07 19:58:53'),
(312, 220, 11, 5, 35.4, '2015-09-07 20:01:29', '2015-09-07 20:01:29'),
(313, 220, 12, 5, 39.8, '2015-09-07 20:01:29', '2015-09-07 20:01:29'),
(314, 221, 36, 1, 9.73, '2015-09-07 20:06:13', '2015-09-07 20:06:13'),
(315, 222, 33, 1, 11.5, '2015-09-09 13:05:59', '2015-09-09 13:05:59'),
(316, 223, 22, 1, 7.95, '2015-09-09 15:26:58', '2015-09-09 15:26:58'),
(317, 224, 24, 1, 7.95, '2015-09-09 16:08:53', '2015-09-09 16:08:53'),
(318, 225, 23, 1, 7.95, '2015-09-09 16:09:56', '2015-09-09 16:09:56'),
(319, 226, 25, 1, 7.95, '2015-09-10 00:01:37', '2015-09-10 00:01:37'),
(320, 227, 23, 1, 7.95, '2015-09-10 00:12:39', '2015-09-10 00:12:39'),
(321, 228, 12, 1, 7.96, '2015-09-10 08:24:06', '2015-09-10 08:24:06'),
(322, 229, 25, 1, 7.95, '2015-09-10 10:19:59', '2015-09-10 10:19:59'),
(323, 230, 22, 1, 7.95, '2015-09-10 10:41:21', '2015-09-10 10:41:21'),
(324, 231, 34, 1, 9.73, '2015-09-10 10:44:02', '2015-09-10 10:44:02'),
(325, 232, 12, 1, 7.96, '2015-09-10 10:46:30', '2015-09-10 10:46:30'),
(326, 233, 40, 1, 13.27, '2015-09-10 10:51:32', '2015-09-10 10:51:32'),
(327, 234, 25, 1, 7.95, '2015-09-10 11:09:54', '2015-09-10 11:09:54'),
(328, 235, 22, 1, 7.95, '2015-09-10 11:25:56', '2015-09-10 11:25:56'),
(329, 236, 22, 1, 7.95, '2015-09-10 16:15:34', '2015-09-10 16:15:34'),
(330, 237, 12, 1, 7.96, '2015-09-13 19:34:10', '2015-09-13 19:34:10'),
(331, 238, 24, 1, 7.95, '2015-09-14 10:52:25', '2015-09-14 10:52:25'),
(332, 239, 14, 1, 8.85, '2015-09-14 10:52:53', '2015-09-14 10:52:53'),
(333, 240, 25, 1, 7.95, '2015-09-14 11:12:02', '2015-09-14 11:12:02'),
(334, 241, 27, 2, 5.3, '2015-09-16 09:10:06', '2015-09-16 09:10:06'),
(335, 242, 27, 1, 2.65, '2015-09-16 22:17:25', '2015-09-16 22:17:25'),
(336, 242, 23, 1, 7.95, '2015-09-16 22:17:25', '2015-09-16 22:17:25'),
(337, 243, 23, 1, 7.95, '2015-09-16 22:29:05', '2015-09-16 22:29:05'),
(338, 244, 23, 1, 7.95, '2015-09-16 22:35:13', '2015-09-16 22:35:13'),
(339, 245, 27, 5, 2.65, '2015-09-17 00:35:47', '2015-09-17 00:35:47'),
(340, 246, 12, 1, 7.96, '2015-09-17 10:19:54', '2015-09-17 10:19:54'),
(341, 247, 25, 1, 7.95, '2015-09-17 11:16:36', '2015-09-17 11:16:36'),
(342, 248, 23, 1, 7.95, '2015-09-17 11:23:56', '2015-09-17 11:23:56'),
(343, 248, 28, 1, 2.65, '2015-09-17 11:23:56', '2015-09-17 11:23:56'),
(344, 249, 23, 1, 7.95, '2015-09-17 13:15:01', '2015-09-17 13:15:01'),
(345, 249, 27, 2, 5.3, '2015-09-17 13:15:01', '2015-09-17 13:15:01'),
(346, 250, 36, 1, 9.73, '2015-09-17 21:28:50', '2015-09-17 21:28:50'),
(347, 250, 34, 1, 9.73, '2015-09-17 21:28:50', '2015-09-17 21:28:50'),
(348, 250, 32, 1, 9.73, '2015-09-17 21:28:50', '2015-09-17 21:28:50'),
(349, 251, 13, 1, 8.85, '2015-09-18 09:02:56', '2015-09-18 09:02:56'),
(350, 251, 45, 1, 7.08, '2015-09-18 09:02:56', '2015-09-18 09:02:56'),
(351, 252, 26, 1, 7.95, '2015-09-18 10:26:08', '2015-09-18 10:26:08'),
(352, 252, 27, 1, 2.65, '2015-09-18 10:26:08', '2015-09-18 10:26:08'),
(353, 253, 22, 1, 7.95, '2015-09-18 10:50:44', '2015-09-18 10:50:44'),
(354, 253, 28, 1, 2.65, '2015-09-18 10:50:44', '2015-09-18 10:50:44'),
(355, 254, 31, 1, 8.85, '2015-09-18 10:57:03', '2015-09-18 10:57:03'),
(356, 255, 25, 1, 7.95, '2015-09-18 10:58:54', '2015-09-18 10:58:54'),
(357, 256, 22, 1, 7.95, '2015-09-18 10:59:52', '2015-09-18 10:59:52'),
(358, 257, 14, 1, 8.85, '2015-09-18 11:10:23', '2015-09-18 11:10:23'),
(359, 258, 28, 1, 2.65, '2015-09-18 11:18:12', '2015-09-18 11:18:12'),
(360, 259, 25, 1, 7.95, '2015-09-18 11:22:25', '2015-09-18 11:22:25'),
(361, 259, 28, 2, 5.3, '2015-09-18 11:22:25', '2015-09-18 11:22:25'),
(362, 260, 11, 1, 7.08, '2015-09-18 12:24:33', '2015-09-18 12:24:33'),
(363, 261, 11, 1, 7.08, '2015-09-18 12:37:07', '2015-09-18 12:37:07'),
(364, 262, 11, 1, 7.08, '2015-09-18 12:40:59', '2015-09-18 12:40:59'),
(365, 263, 11, 1, 7.08, '2015-09-18 12:41:39', '2015-09-18 12:41:39'),
(366, 264, 11, 1, 7.08, '2015-09-18 12:47:37', '2015-09-18 12:47:37'),
(367, 265, 11, 1, 7.08, '2015-09-18 12:48:11', '2015-09-18 12:48:11'),
(368, 266, 12, 1, 7.96, '2015-09-21 11:28:11', '2015-09-21 11:28:11'),
(369, 267, 50, 1, 6.19, '2015-09-22 01:12:34', '2015-09-22 01:12:34'),
(370, 268, 17, 1, 8.85, '2015-09-22 08:12:00', '2015-09-22 08:12:00'),
(371, 269, 24, 1, 7.95, '2015-09-23 10:51:01', '2015-09-23 10:51:01'),
(372, 270, 25, 1, 7.95, '2015-09-23 11:22:06', '2015-09-23 11:22:06'),
(373, 271, 27, 2, 5.3, '2015-09-23 11:29:56', '2015-09-23 11:29:56'),
(374, 272, 17, 1, 8.85, '2015-09-24 02:52:56', '2015-09-24 02:52:56'),
(375, 273, 22, 1, 7.95, '2015-09-24 21:03:30', '2015-09-24 21:03:30'),
(376, 273, 27, 1, 2.65, '2015-09-24 21:03:30', '2015-09-24 21:03:30'),
(377, 273, 28, 1, 2.65, '2015-09-24 21:03:30', '2015-09-24 21:03:30'),
(378, 274, 42, 1, 13.27, '2015-09-25 01:24:42', '2015-09-25 01:24:42'),
(379, 275, 42, 3, 39.81, '2015-09-25 01:25:56', '2015-09-25 01:25:56'),
(380, 276, 54, 3, 2.67, '2015-09-25 01:54:07', '2015-09-25 01:54:07'),
(381, 277, 53, 3, 39.81, '2015-09-25 01:54:21', '2015-09-25 01:54:21'),
(382, 278, 25, 1, 7.95, '2015-09-25 11:10:40', '2015-09-25 11:10:40'),
(383, 279, 12, 1, 7.96, '2015-09-25 11:11:29', '2015-09-25 11:11:29'),
(384, 280, 27, 2, 5.3, '2015-09-25 11:24:57', '2015-09-25 11:24:57'),
(385, 280, 22, 1, 7.95, '2015-09-25 11:24:57', '2015-09-25 11:24:57'),
(386, 280, 23, 1, 7.95, '2015-09-25 11:24:57', '2015-09-25 11:24:57'),
(387, 281, 13, 1, 8.85, '2015-09-25 11:25:59', '2015-09-25 11:25:59'),
(388, 281, 12, 1, 7.96, '2015-09-25 11:25:59', '2015-09-25 11:25:59'),
(389, 282, 27, 1, 2.65, '2015-09-28 09:26:28', '2015-09-28 09:26:28'),
(390, 282, 23, 1, 7.95, '2015-09-28 09:26:28', '2015-09-28 09:26:28'),
(391, 283, 45, 1, 7.08, '2015-09-28 11:10:28', '2015-09-28 11:10:28'),
(392, 284, 17, 2, 17.7, '2015-09-28 11:25:14', '2015-09-28 11:25:14'),
(393, 285, 54, 5, 4.45, '2015-09-28 23:25:44', '2015-09-28 23:25:44'),
(394, 286, 54, 3, 2.67, '2015-09-29 00:02:15', '2015-09-29 00:02:15'),
(395, 287, 42, 1, 13.27, '2015-09-29 12:18:59', '2015-09-29 12:18:59'),
(396, 288, 28, 1, 2.65, '2015-09-29 14:26:01', '2015-09-29 14:26:01'),
(397, 288, 25, 1, 7.95, '2015-09-29 14:26:01', '2015-09-29 14:26:01'),
(398, 289, 25, 1, 7.95, '2015-09-29 16:23:35', '2015-09-29 16:23:35'),
(399, 290, 28, 1, 2.65, '2015-09-29 20:19:37', '2015-09-29 20:19:37'),
(400, 291, 42, 4, 53.08, '2015-09-29 23:06:34', '2015-09-29 23:06:34'),
(401, 292, 42, 3, 39.81, '2015-09-29 23:34:34', '2015-09-29 23:34:34'),
(402, 293, 22, 2, 15.9, '2015-09-30 11:09:18', '2015-09-30 11:09:18'),
(403, 293, 27, 3, 7.949999999999999, '2015-09-30 11:09:18', '2015-09-30 11:09:18'),
(404, 293, 23, 1, 7.95, '2015-09-30 11:09:18', '2015-09-30 11:09:18'),
(405, 294, 27, 1, 2.65, '2015-09-30 11:16:48', '2015-09-30 11:16:48'),
(406, 295, 42, 2, 26.54, '2015-09-30 12:38:08', '2015-09-30 12:38:08'),
(407, 296, 54, 1, 0.89, '2015-09-30 21:22:50', '2015-09-30 21:22:50'),
(408, 297, 42, 2, 26.54, '2015-10-01 00:05:26', '2015-10-01 00:05:26'),
(409, 298, 54, 1, 0.89, '2015-10-01 22:01:44', '2015-10-01 22:01:44'),
(410, 299, 54, 1, 0.89, '2015-10-01 22:02:49', '2015-10-01 22:02:49'),
(411, 300, 42, 2, 26.54, '2015-10-01 23:12:03', '2015-10-01 23:12:03'),
(412, 301, 54, 1, 0.89, '2015-10-01 23:17:17', '2015-10-01 23:17:17'),
(413, 302, 26, 1, 7.95, '2015-10-02 11:23:41', '2015-10-02 11:23:41'),
(414, 302, 23, 1, 7.95, '2015-10-02 11:23:41', '2015-10-02 11:23:41'),
(415, 302, 27, 2, 5.3, '2015-10-02 11:23:41', '2015-10-02 11:23:41'),
(416, 303, 54, 5, 4.45, '2015-10-04 18:10:34', '2015-10-04 18:10:34'),
(417, 304, 54, 3, 2.67, '2015-10-04 20:55:39', '2015-10-04 20:55:39'),
(418, 305, 11, 1, 7.08, '2015-10-05 11:12:13', '2015-10-05 11:12:13'),
(419, 306, 54, 1, 0.89, '2015-10-06 10:30:34', '2015-10-06 10:30:34'),
(420, 307, 42, 1, 13.27, '2015-10-06 12:26:24', '2015-10-06 12:26:24'),
(421, 308, 24, 1, 7.95, '2015-10-07 00:22:24', '2015-10-07 00:22:24'),
(422, 309, 23, 1, 7.95, '2015-10-07 11:39:05', '2015-10-07 11:39:05'),
(423, 310, 25, 1, 7.95, '2015-10-07 11:42:01', '2015-10-07 11:42:01'),
(424, 310, 27, 1, 2.65, '2015-10-07 11:42:01', '2015-10-07 11:42:01'),
(425, 311, 22, 2, 15.9, '2015-10-09 11:16:07', '2015-10-09 11:16:07'),
(426, 312, 28, 1, 2.65, '2015-10-09 11:21:53', '2015-10-09 11:21:53'),
(427, 312, 27, 2, 2.65, '2015-10-09 11:21:53', '2015-10-09 11:21:53'),
(428, 313, 32, 1, 9.73, '2015-10-14 10:29:59', '2015-10-14 10:29:59'),
(429, 314, 16, 1, 7.96, '2015-10-15 11:07:32', '2015-10-15 11:07:32'),
(430, 315, 27, 2, 5.3, '2015-10-15 22:04:47', '2015-10-15 22:04:47'),
(431, 315, 28, 2, 5.3, '2015-10-15 22:04:47', '2015-10-15 22:04:47'),
(432, 315, 22, 2, 15.9, '2015-10-15 22:04:47', '2015-10-15 22:04:47'),
(433, 316, 17, 1, 8.85, '2015-10-20 09:54:26', '2015-10-20 09:54:26'),
(434, 317, 25, 1, 7.95, '2015-10-20 20:08:48', '2015-10-20 20:08:48'),
(435, 317, 28, 1, 2.65, '2015-10-20 20:08:48', '2015-10-20 20:08:48'),
(436, 318, 40, 3, 39.81, '2015-10-22 17:28:40', '2015-10-22 17:28:40'),
(437, 319, 42, 2, 26.54, '2015-10-23 01:06:26', '2015-10-23 01:06:26'),
(438, 320, 25, 1, 7.95, '2015-10-23 10:16:08', '2015-10-23 10:16:08'),
(439, 321, 22, 1, 7.95, '2015-10-23 11:02:41', '2015-10-23 11:02:41'),
(440, 322, 22, 1, 7.95, '2015-10-23 11:03:38', '2015-10-23 11:03:38'),
(441, 323, 27, 3, 7.95, '2015-10-23 11:08:56', '2015-10-23 11:08:56'),
(442, 324, 28, 1, 2.65, '2015-10-27 14:52:46', '2015-10-27 14:52:46'),
(443, 325, 28, 1, 2.65, '2015-10-27 21:30:29', '2015-10-27 21:30:29'),
(444, 326, 22, 1, 7.95, '2015-10-27 21:45:34', '2015-10-27 21:45:34'),
(445, 327, 22, 1, 7.95, '2015-10-27 21:46:25', '2015-10-27 21:46:25'),
(446, 328, 22, 1, 7.95, '2015-10-27 21:52:20', '2015-10-27 21:52:20'),
(447, 329, 22, 1, 7.95, '2015-10-27 21:56:43', '2015-10-27 21:56:43'),
(448, 330, 22, 1, 7.95, '2015-10-27 22:00:16', '2015-10-27 22:00:16'),
(449, 331, 27, 2, 2.65, '2015-10-28 10:01:34', '2015-10-28 10:01:34'),
(450, 331, 26, 1, 7.95, '2015-10-28 10:01:34', '2015-10-28 10:01:34'),
(451, 332, 22, 1, 7.95, '2015-10-28 10:51:00', '2015-10-28 10:51:00'),
(452, 333, 54, 2, 1.78, '2015-11-03 10:50:11', '2015-11-03 10:50:11'),
(453, 333, 45, 1, 7.08, '2015-11-03 10:50:11', '2015-11-03 10:50:11'),
(454, 334, 54, 3, 2.67, '2015-11-09 10:02:29', '2015-11-09 10:02:29'),
(455, 335, 28, 1, 2.65, '2015-11-10 15:55:44', '2015-11-10 15:55:44'),
(456, 335, 23, 1, 7.95, '2015-11-10 15:55:44', '2015-11-10 15:55:44'),
(457, 336, 22, 1, 7.95, '2015-11-11 10:21:15', '2015-11-11 10:21:15'),
(458, 336, 27, 1, 2.65, '2015-11-11 10:21:15', '2015-11-11 10:21:15'),
(459, 337, 25, 1, 7.95, '2015-11-11 10:22:30', '2015-11-11 10:22:30'),
(460, 338, 27, 1, 2.65, '2015-11-11 10:44:34', '2015-11-11 10:44:34'),
(461, 338, 22, 1, 7.95, '2015-11-11 10:44:34', '2015-11-11 10:44:34'),
(462, 339, 13, 1, 8.85, '2015-11-13 09:57:02', '2015-11-13 09:57:02'),
(463, 340, 14, 1, 8.85, '2015-11-13 11:07:32', '2015-11-13 11:07:32'),
(464, 341, 13, 1, 8.85, '2015-11-13 11:09:52', '2015-11-13 11:09:52'),
(465, 342, 22, 1, 7.95, '2015-11-16 01:57:05', '2015-11-16 01:57:05'),
(466, 342, 27, 1, 2.65, '2015-11-16 01:57:05', '2015-11-16 01:57:05'),
(467, 342, 28, 1, 2.65, '2015-11-16 01:57:05', '2015-11-16 01:57:05'),
(468, 343, 54, 2, 1.78, '2015-11-16 10:35:05', '2015-11-16 10:35:05'),
(469, 343, 51, 1, 13.27, '2015-11-16 10:35:05', '2015-11-16 10:35:05'),
(470, 343, 47, 1, 10.62, '2015-11-16 10:35:05', '2015-11-16 10:35:05'),
(471, 344, 22, 1, 7.95, '2015-11-16 11:18:27', '2015-11-16 11:18:27'),
(472, 345, 56, 1, 7.08, '2015-11-17 09:41:15', '2015-11-17 09:41:15'),
(473, 346, 26, 1, 7.95, '2015-11-18 18:16:18', '2015-11-18 18:16:18'),
(474, 347, 55, 3, 2.64, '2015-11-19 09:18:39', '2015-11-19 09:18:39'),
(475, 347, 65, 1, 11.5, '2015-11-19 09:18:39', '2015-11-19 09:18:39'),
(476, 348, 58, 1, 6.19, '2015-11-19 10:08:26', '2015-11-19 10:08:26'),
(477, 349, 51, 1, 13.27, '2015-11-19 11:30:47', '2015-11-19 11:30:47'),
(478, 349, 54, 1, 0.89, '2015-11-19 11:30:47', '2015-11-19 11:30:47'),
(479, 350, 58, 1, 6.19, '2015-11-19 16:39:09', '2015-11-19 16:39:09'),
(480, 350, 57, 1, 2.65, '2015-11-19 16:39:09', '2015-11-19 16:39:09'),
(481, 351, 58, 1, 6.19, '2015-11-19 16:45:34', '2015-11-19 16:45:34'),
(482, 351, 57, 1, 2.65, '2015-11-19 16:45:34', '2015-11-19 16:45:34'),
(483, 352, 53, 1, 13.27, '2015-11-19 17:38:11', '2015-11-19 17:38:11'),
(484, 352, 12, 1, 7.96, '2015-11-19 17:38:11', '2015-11-19 17:38:11'),
(485, 352, 48, 1, 40.7, '2015-11-19 17:38:11', '2015-11-19 17:38:11'),
(486, 353, 52, 1, 13.27, '2015-11-19 22:16:58', '2015-11-19 22:16:58'),
(487, 354, 23, 1, 7.95, '2015-11-20 10:19:31', '2015-11-20 10:19:31'),
(488, 355, 12, 1, 7.96, '2015-11-22 11:23:23', '2015-11-22 11:23:23'),
(489, 355, 11, 1, 7.08, '2015-11-22 11:23:23', '2015-11-22 11:23:23'),
(490, 356, 72, 3, 23.85, '2015-11-24 01:40:46', '2015-11-24 01:40:46'),
(491, 356, 71, 2, 15.9, '2015-11-24 01:40:46', '2015-11-24 01:40:46'),
(492, 357, 72, 3, 23.85, '2015-11-24 01:51:46', '2015-11-24 01:51:46'),
(493, 357, 71, 2, 15.9, '2015-11-24 01:51:46', '2015-11-24 01:51:46'),
(494, 358, 72, 3, 23.85, '2015-11-24 01:58:56', '2015-11-24 01:58:56'),
(495, 358, 71, 2, 15.9, '2015-11-24 01:58:56', '2015-11-24 01:58:56'),
(496, 359, 72, 3, 23.85, '2015-11-24 01:59:49', '2015-11-24 01:59:49'),
(497, 359, 71, 2, 15.9, '2015-11-24 01:59:49', '2015-11-24 01:59:49'),
(498, 360, 72, 3, 23.85, '2015-11-24 02:02:39', '2015-11-24 02:02:39'),
(499, 360, 71, 2, 15.9, '2015-11-24 02:02:39', '2015-11-24 02:02:39'),
(500, 361, 72, 3, 23.85, '2015-11-24 02:03:06', '2015-11-24 02:03:06'),
(501, 361, 71, 2, 15.9, '2015-11-24 02:03:06', '2015-11-24 02:03:06'),
(502, 362, 72, 3, 23.85, '2015-11-24 02:16:36', '2015-11-24 02:16:36'),
(503, 362, 71, 2, 15.9, '2015-11-24 02:16:36', '2015-11-24 02:16:36'),
(504, 363, 72, 3, 23.85, '2015-11-24 02:19:14', '2015-11-24 02:19:14'),
(505, 363, 71, 2, 15.9, '2015-11-24 02:19:14', '2015-11-24 02:19:14'),
(506, 364, 72, 3, 23.85, '2015-11-24 02:21:25', '2015-11-24 02:21:25'),
(507, 364, 71, 2, 15.9, '2015-11-24 02:21:25', '2015-11-24 02:21:25'),
(508, 365, 72, 3, 23.85, '2015-11-24 02:23:49', '2015-11-24 02:23:49'),
(509, 365, 71, 2, 15.9, '2015-11-24 02:23:49', '2015-11-24 02:23:49'),
(510, 366, 72, 3, 23.85, '2015-11-24 02:40:36', '2015-11-24 02:40:36'),
(511, 366, 71, 2, 15.9, '2015-11-24 02:40:36', '2015-11-24 02:40:36'),
(512, 367, 72, 3, 23.85, '2015-11-24 02:51:25', '2015-11-24 02:51:25'),
(513, 367, 71, 2, 15.9, '2015-11-24 02:51:25', '2015-11-24 02:51:25'),
(514, 368, 42, 4, 26.54, '2015-11-24 12:32:16', '2015-11-24 12:32:16'),
(515, 369, 64, 1, 13.27, '2015-11-24 15:24:51', '2015-11-24 15:24:51'),
(516, 370, 42, 3, 26.54, '2015-11-24 23:23:29', '2015-11-24 23:23:29'),
(517, 371, 42, 2, 26.54, '2015-11-25 11:11:27', '2015-11-25 11:11:27'),
(518, 372, 42, 5, 66.35, '2015-11-25 11:12:29', '2015-11-25 11:12:29'),
(519, 373, 42, 3, 39.81, '2015-11-25 11:13:13', '2015-11-25 11:13:13'),
(520, 374, 53, 1, 13.27, '2015-11-25 12:27:48', '2015-11-25 12:27:48'),
(521, 375, 28, 1, 2.65, '2015-11-25 12:29:32', '2015-11-25 12:29:32'),
(522, 376, 46, 1, 13.27, '2015-11-25 22:29:32', '2015-11-25 22:29:32'),
(523, 377, 25, 1, 7.95, '2015-11-30 10:42:21', '2015-11-30 10:42:21'),
(524, 378, 54, 4, 3.56, '2015-11-30 11:01:08', '2015-11-30 11:01:08'),
(525, 378, 11, 1, 7.08, '2015-11-30 11:01:08', '2015-11-30 11:01:08'),
(526, 379, 12, 1, 7.96, '2015-12-01 09:57:14', '2015-12-01 09:57:14'),
(527, 380, 73, 5, 66.35, '2015-12-03 03:13:07', '2015-12-03 03:13:07'),
(528, 381, 76, 3, 5.31, '2015-12-03 03:23:18', '2015-12-03 03:23:18'),
(529, 382, 76, 2, 3.54, '2015-12-03 03:27:38', '2015-12-03 03:27:38'),
(530, 383, 76, 2, 3.54, '2015-12-03 03:30:00', '2015-12-03 03:30:00'),
(531, 383, 75, 2, 19.46, '2015-12-03 03:30:00', '2015-12-03 03:30:00'),
(532, 384, 76, 3, 5.31, '2015-12-03 03:45:10', '2015-12-03 03:45:10'),
(533, 385, 23, 1, 7.95, '2015-12-03 10:41:38', '2015-12-03 10:41:38'),
(534, 385, 22, 1, 7.95, '2015-12-03 10:41:38', '2015-12-03 10:41:38'),
(535, 386, 27, 1, 3.54, '2015-12-04 10:58:43', '2015-12-04 10:58:43'),
(536, 386, 23, 1, 7.95, '2015-12-04 10:58:43', '2015-12-04 10:58:43'),
(537, 387, 23, 1, 7.95, '2015-12-04 10:58:55', '2015-12-04 10:58:55'),
(538, 388, 67, 1, 10.61, '2015-12-09 11:02:58', '2015-12-09 11:02:58'),
(539, 389, 22, 1, 7.95, '2015-12-09 23:36:05', '2015-12-09 23:36:05'),
(540, 389, 28, 1, 1.5, '2015-12-09 23:36:05', '2015-12-09 23:36:05'),
(541, 390, 23, 1, 7.95, '2015-12-10 10:20:27', '2015-12-10 10:20:27'),
(542, 390, 27, 1, 3.54, '2015-12-10 10:20:27', '2015-12-10 10:20:27'),
(543, 391, 54, 4, 3.56, '2015-12-10 10:30:15', '2015-12-10 10:30:15'),
(544, 392, 45, 1, 7.08, '2015-12-10 21:38:44', '2015-12-10 21:38:44'),
(545, 392, 15, 1, 13.27, '2015-12-10 21:38:44', '2015-12-10 21:38:44'),
(546, 393, 22, 1, 7.95, '2015-12-11 09:37:14', '2015-12-11 09:37:14'),
(547, 394, 54, 1, 0.89, '2015-12-15 02:56:41', '2015-12-15 02:56:41'),
(548, 395, 76, 1, 1.77, '2015-12-16 12:09:58', '2015-12-16 12:09:58'),
(549, 396, 42, 1, 13.27, '2015-12-16 12:18:06', '2015-12-16 12:18:06'),
(550, 397, 54, 1, 0.89, '2015-12-16 12:20:11', '2015-12-16 12:20:11'),
(551, 398, 28, 1, 1.5, '2015-12-16 12:58:08', '2015-12-16 12:58:08'),
(552, 398, 23, 1, 7.95, '2015-12-16 12:58:08', '2015-12-16 12:58:08'),
(553, 399, 54, 1, 0.89, '2015-12-16 13:19:32', '2015-12-16 13:19:32'),
(554, 400, 34, 1, 11.5, '2015-12-17 18:48:31', '2015-12-17 18:48:31'),
(555, 401, 29, 1, 5.3, '2016-01-08 16:19:04', '2016-01-08 16:19:04'),
(556, 402, 17, 1, 8.85, '2016-01-10 20:11:04', '2016-01-10 20:11:04'),
(557, 403, 38, 1, 11.5, '2016-01-18 20:00:28', '2016-01-18 20:00:28'),
(558, 403, 30, 1, 7.08, '2016-01-18 20:00:28', '2016-01-18 20:00:28'),
(559, 404, 38, 1, 11.5, '2016-01-19 22:22:56', '2016-01-19 22:22:56'),
(560, 404, 30, 1, 7.08, '2016-01-19 22:22:56', '2016-01-19 22:22:56'),
(561, 405, 32, 1, 9.73, '2016-03-03 11:07:16', '2016-03-03 11:07:16'),
(562, 406, 22, 1, 7.95, '2016-03-03 11:16:35', '2016-03-03 11:16:35'),
(563, 407, 32, 1, 9.73, '2016-03-16 11:11:06', '2016-03-16 11:11:06');

-- --------------------------------------------------------

--
-- Table structure for table `products`
--

CREATE TABLE IF NOT EXISTS `products` (
  `id` int(11) unsigned NOT NULL AUTO_INCREMENT,
  `restaurant_id` int(11) NOT NULL,
  `name` varchar(100) NOT NULL DEFAULT '',
  `description` varchar(500) DEFAULT NULL,
  `flavor` varchar(100) DEFAULT NULL,
  `image_url` varchar(255) DEFAULT NULL,
  `thumbnail_url` varchar(255) DEFAULT NULL,
  `price` double NOT NULL,
  `discount` double DEFAULT '0' COMMENT 'percentage off',
  `created` datetime DEFAULT NULL,
  `modified` datetime DEFAULT NULL,
  PRIMARY KEY (`id`)
) ENGINE=InnoDB  DEFAULT CHARSET=utf8 AUTO_INCREMENT=77 ;

--
-- Dumping data for table `products`
--

INSERT INTO `products` (`id`, `restaurant_id`, `name`, `description`, `flavor`, `image_url`, `thumbnail_url`, `price`, `discount`, `created`, `modified`) VALUES
(1, 1, '混合牛肉粉', '河粉是一种盛行在东亚和东南亚的美食。面条种类为米粉和鸡蛋面。混合牛肉粉(Mixed Beef Noodle Soup)为河粉的一种。', '原味', 'http://45.55.164.174/eat/img/hunheniuroufen.jpg', 'http://45.55.164.174/eat/img/hunheniuroufen256.jpg', 10.62, 0, NULL, NULL),
(2, 1, '虾和鸡肉粉丝', 'Vermicelli为一种传统的意大利式面条。一种细长,圆柱形的面食。虾和鸡肉粉丝(Shrimp & Chicken Vermicelli)为Vermicelli的一种。', '原味', 'http://45.55.164.174/eat/img/xiahejiroufensi.jpg', 'http://45.55.164.174/eat/img/xiahejiroufensi256.jpg', 11.5, 0, NULL, NULL),
(3, 1, '生牛肉粉', '河粉是一种盛行在东亚和东南亚的美食。面条种类为米粉和鸡蛋面。生牛肉粉(Rare Beef Noodle Soup)为河粉的一种。', '原味', 'http://45.55.164.174/eat/img/shengniuroufen.jpg', 'http://45.55.164.174/eat/img/shengniuroufen256.jpg', 10.62, 0, NULL, NULL),
(4, 1, '馄饨和叉烧肉粉', '河粉是一种盛行在东亚和东南亚的美食。面条种类为米粉和鸡蛋面。馄饨和叉烧肉粉(Wonton & BBQ Pork Noodle Soup)为河粉的一种。', '其他', 'http://45.55.164.174/eat/img/hundunhechashaoroufen.jpg', 'http://45.55.164.174/eat/img/hundunhechashouroufen256.jpg', 10.62, 0, NULL, NULL),
(5, 1, '牛肉和猪肉粉丝', 'Vermicelli为一种传统的意大利式面条。一种细长,圆柱形的面食。牛肉和猪肉粉丝(Beef & Pork Vermicelli)为Vermicelli的一种', '其他', 'http://45.55.164.174/eat/img/niurouhezhuroufensi.jpg', 'http://45.55.164.174/eat/img/niurouhezhuroufensi256.jpg', 11.5, 0, NULL, NULL),
(6, 2, '豚骨酱油拉面', 'Tonkotsu Ramen Shoyu - 一种日本特色拉面。不同口味的汤底，加上不同种类配菜，有海苔，玉米和猪肉等。', '咸香', 'http://45.55.164.174/eat/img/tungujiangyoulamian.jpg', 'http://45.55.164.174/eat/img/tungujiangyoulamian256.jpg', 11.5, 0, NULL, NULL),
(7, 2, '豚骨味噌拉面', 'Tonkotsu Ramen Miso - 一种日本特色拉面。不同口味的汤底，加上不同种类配菜，有海苔，玉米和猪肉等。', '咸鲜', 'http://45.55.164.174/eat/img/tunguweizenglamian.jpg', 'http://45.55.164.174/eat/img/tunguweizenglamian256.jpg', 11.5, 0, NULL, NULL),
(11, 10, '蔬菜什锦饭', 'Mixed vegetables with rice - 多种蔬菜烹制而成的一款美味佳肴（含米饭）', '清淡', 'http://45.55.164.174/eat/img/shucaishijinfan.jpg', 'http://45.55.164.174/eat/img/shucaishijinfan256.jpg', 7.08, 0, NULL, NULL),
(12, 10, '宫保鸡丁饭', 'Spicy diced chicken with peanuts and rice - 宫保鸡丁，黔菜传统名菜，由鸡丁、干辣椒、花生米等炒制而成。由于其入口鲜辣，鸡肉的鲜嫩配合花生的香脆，广受大众欢迎。', '微辣', 'http://45.55.164.174/eat/img/gongbaojidingfan.jpg', 'http://45.55.164.174/eat/img/gongbaojidingfan256.jpg', 7.96, 0, NULL, NULL),
(13, 10, '牛肉杂菜饭', 'Beef mixed with vegetables and rice - 由牛肉片和杂菜配在一起烹制而成。', '清淡', 'http://45.55.164.174/eat/img/niurouzacaifan.jpg', 'http://45.55.164.174/eat/img/niurouzacaifan256.jpg', 8.85, 0, NULL, NULL),
(14, 10, '左公鸡饭', 'General Tao chicken with rice － 一般归类于中国菜系中的湘菜，也有人将之归类为融合多家菜系的创新中国菜。', '酸甜', 'http://45.55.164.174/eat/img/zuogongjifan.jpg', 'http://45.55.164.174/eat/img/zuogongjifan256.jpg', 8.85, 0, NULL, NULL),
(15, 10, '软壳蟹炒饭', 'Soft shell crab & with pork sausage stir fry rice － 由蟹肉，鸡蛋，米饭一起烹制，营养丰富，口感好。', '咸甜', 'http://45.55.164.174/eat/img/ruankexiechaofan.jpg', 'http://45.55.164.174/eat/img/ruankexiechaofan256.jpg', 13.27, 0, NULL, NULL),
(16, 10, '豉油皇炒面', 'Stir fry egg noodle with veggie － 豉油皇炒面是一道具有广东特色的著名汉族小吃，它是广州人喝早茶最爱点的小吃，也是普通人家餐桌上的家常早餐。烹调时，先将韭菜、鱿鱼、洋葱、绿豆芽等辅料炒熟调味，倒入面条拌炒的同时，加入生抽和老抽给其上色，才可让豉油皇炒面酱香四溢，色泽黝黑明亮，面条爽滑弹牙。', '葱香', 'http://45.55.164.174/eat/img/chiyouhuangchaomian.jpg', 'http://45.55.164.174/eat/img/chuyouhuangchaomian256.jpg', 7.96, 0, NULL, NULL),
(17, 10, '豉油皇炒面（加肉）', 'Stir fry egg noodle with pork & veggie － 豉油皇炒面是一道具有广东特色的著名汉族小吃，它是广州人喝早茶最爱点的小吃，也是普通人家餐桌上的家常早餐。烹调时，先将韭菜、鱿鱼、洋葱、绿豆芽等辅料炒熟调味，倒入面条拌炒的同时，加入生抽和老抽给其上色，才可让豉油皇炒面酱香四溢，色泽黝黑明亮，面条爽滑弹牙', '葱香', 'http://45.55.164.174/eat/img/chiyouhuangchaomian.jpg', 'http://45.55.164.174/eat/img/chuyouhuangchaomian256.jpg', 8.85, 0, NULL, NULL),
(18, 2, '豚骨辣味拉面', 'Tonkotsu Ramen Spicy - 一种日本特色拉面。不同口味的汤底，加上不同种类配菜，有海苔，玉米和猪肉等。', '微辣', 'http://45.55.164.174/eat/img/tungulaweibenlamian.jpg', 'http://45.55.164.174/eat/img/tungulaweibenlamian256.jpg', 11.5, 0, NULL, NULL),
(19, 2, '寿司A套餐', 'Includes: \r\nSalmon 2pc 三文鱼卷\r\nTempura Shrimp Roll 8pc 天妇罗虾卷\r\nWakame Salad 海藻沙拉', '清淡', 'http://45.55.164.174/eat/img/shousiataocan.jpg', 'http://45.55.164.174/eat/img/shousiataocan256.jpg', 10.62, 0, NULL, NULL),
(20, 2, '寿司B套餐', 'Includes: \nSalmon 2pc 三文鱼卷\nCalifornia Roll 6pc 加州卷\nTempura Shrimp Roll 8pc 天妇罗虾卷\nWakame Salad 海藻沙拉', '清淡', 'http://45.55.164.174/eat/img/shousibtaocan.png', 'http://45.55.164.174/eat/img/shousibtaocan.png', 13.27, 0, NULL, NULL),
(21, 2, '寿司C套餐', 'Includes: \nSalmon 2pc 三文鱼卷\nSpicy Salmon Roll 6pc 辣味三文鱼卷\nTempura Shrimp Roll 8pc 天妇罗虾卷', '清淡', 'http://45.55.164.174/eat/img/shousictaocan.png', 'http://45.55.164.174/eat/img/shousictaocan.png', 13.27, 0, NULL, NULL),
(22, 11, '牛腩饭', 'Beef Flank and Vegetables on Rice － 由新鲜牛腩肉烹制，味道鲜美。', '鲜香', 'http://45.55.164.174/eat/img/niunanfan.jpg', 'http://45.55.164.174/eat/img/niunanfan256.jpg', 7.95, 0, NULL, NULL),
(23, 11, '鱼香肉丝饭', 'Yuxiang Pork on Rice - 鱼香肉丝是一道常见菜肴，成菜具有鱼香味，其味是调味品调制而成。', '酸甜', 'http://45.55.164.174/eat/img/yuxiangrousifan.jpg', 'http://45.55.164.174/eat/img/yuxiangrousifan256.jpg', 7.95, 0, NULL, NULL),
(24, 100, '鱼香茄子饭', 'Yuxiang Eggplant on Rice - 鱼香茄子的主料为茄子,配以多种辅料加工烧制而成。', '酸甜', 'http://45.55.164.174/eat/img/yuxiangqiezifan.jpg', 'http://45.55.164.174/eat/img/yuxiangqiezifan256.jpg', 7.95, 0, NULL, NULL),
(25, 11, '麻婆豆腐饭', 'Mapo Tofu on Rice - 麻婆豆腐盖饭是以嫩豆腐、白饭、猪绞肉为主材的主食名。', '微辣', 'http://45.55.164.174/eat/img/mapodoufufan.jpg', 'http://45.55.164.174/eat/img/mapodoufufan256.jpg', 7.95, 0, NULL, NULL),
(26, 100, '西红柿鸡蛋饭', 'Stir-Fried Tomato and Egg on Rice - 一道经典盖浇饭，由西红柿和鸡蛋烹制。', '鲜香', 'http://45.55.164.174/eat/img/xihongshijidanfan.jpg', 'http://45.55.164.174/eat/img/xihongshijidanfan256.jpg', 7.95, 0, NULL, NULL),
(27, 11, '肉夹馍 ', 'Chinese Meat Burger - 肉夹馍合腊汁肉、白吉馍为一体，互为烘托，将各自滋味发挥到极致。馍香肉酥，肥而不腻，回味无穷。', '多汁', 'http://45.55.164.174/eat/img/roujiamo.jpg', 'http://45.55.164.174/eat/img/roujiamo256.jpg', 3.54, 0, NULL, NULL),
(28, 11, '桂花香奶', 'Milk Pudding with Guihua Honey - 一种甜品。', '香甜', 'http://45.55.164.174/eat/img/guihuaxiangnai.jpg', 'http://45.55.164.174/eat/img/guihuaxiangnai256.jpg', 1.5, 0, NULL, NULL),
(29, 12, '炸春卷', 'Vietnamese Deep Fried Spring Rolls（3）- 用干面皮包馅心，炸制而成', '酥脆', 'http://45.55.164.174/eat/img/zhachunjuan.jpg', 'http://45.55.164.174/eat/img/zhachunjuan256.jpg', 5.3, 0, NULL, NULL),
(30, 12, '越南肠粉', 'Vietnamese Dumpling with Sausage - 是一种越南北部的食品。是以肠粉包裹猪肉或其他材料卷成的食品', '细腻柔软', 'http://45.55.164.174/eat/img/yuenanchangfen.jpg', 'http://45.55.164.174/eat/img/yuenanchangfen256.jpg', 7.08, 0, NULL, NULL),
(31, 12, '红烧鹌鹑', 'B.B.Quails - 属于陈氏河粉的特色美食，新鲜鹌鹑烤制而成。', '鲜嫩', 'http://45.55.164.174/eat/img/hongshaoanchun.jpg', 'http://45.55.164.174/eat/img/hongshaoanchun256.jpg', 8.85, 0, NULL, NULL),
(32, 12, '牛肉粉（中）', 'Special Beef with Rice Noodle - 河粉是一种盛行在东亚和东南亚的美食。面条种类为米粉和鸡蛋面。牛肉粉为河粉的一种。', '原味', 'http://45.55.164.174/eat/img/niuroufen.jpg', 'http://45.55.164.174/eat/img/niuroufen256.jpg', 9.73, 0, NULL, NULL),
(33, 100, '牛肉粉（大）', 'Special Beef with Rice Noodle - 河粉是一种盛行在东亚和东南亚的美食。面条种类为米粉和鸡蛋面。牛肉粉为河粉的一种。', '原味', 'http://45.55.164.174/eat/img/niuroufen.jpg', 'http://45.55.164.174/eat/img/niuroufen256.jpg', 11.5, 0, NULL, NULL),
(34, 12, '牛腩粉（中）', 'Spicy Stewing Beef with Rice Noodle － 河粉是一种盛行在东亚和东南亚的美食。面条种类为米粉和鸡蛋面。混合牛肉粉为河粉的一种。', '原味', 'http://45.55.164.174/eat/img/niunanfen.jpg', 'http://45.55.164.174/eat/img/niunanfen256.jpg', 11.5, 0, NULL, NULL),
(35, 100, '牛腩粉（大）', 'Spicy Stewing Beef with Rice Noodle － 河粉是一种盛行在东亚和东南亚的美食。面条种类为米粉和鸡蛋面。混合牛肉粉为河粉的一种。', '原味', 'http://45.55.164.174/eat/img/niunanfen.jpg', 'http://45.55.164.174/eat/img/niunanfen256.jpg', 11.5, 0, NULL, NULL),
(36, 12, '顺化牛肉米粉（中）', 'Spicy Beef and Pork with Vermicelli －  Vermicelli为一种传统的意大利式面条。', '原味', 'http://45.55.164.174/eat/img/shunhuaniuroumifen.jpg', 'http://45.55.164.174/eat/img/shunhuaniuroumifen.jpg', 11.5, 0, NULL, NULL),
(37, 100, '顺化牛肉米粉（大）', 'Spicy Beef and Pork with Vermicelli －  Vermicelli为一种传统的意大利式面条。', '原味', 'http://45.55.164.174/eat/img/shunhuaniuroumifen.jpg', 'http://45.55.164.174/eat/img/shunhuaniuroumifen.jpg', 11.5, 0, NULL, NULL),
(38, 12, '炸墨鱼饼番茄米粉（中）', 'Mini Squid Patties and Tomato with Vermicelli － Vermicelli为一种传统的意大利式面条。墨鱼饼是新鲜的墨鱼打碎后配上少量的淀粉炸制而成。', '微酸，鲜香', 'http://45.55.164.174/eat/img/zhamoyubingfanqiemifen.jpg', 'http://45.55.164.174/eat/img/zhamoyubingfanqiemifen256.jpg', 11.5, 0, NULL, NULL),
(39, 100, '炸墨鱼饼番茄米粉（大）', 'Mini Squid Patties and Tomato with Vermicelli － Vermicelli为一种传统的意大利式面条。墨鱼饼是新鲜的墨鱼打碎后配上少量的淀粉炸制而成。', '微酸，鲜香', 'http://45.55.164.174/eat/img/zhamoyubingfanqiemifen.jpg', 'http://45.55.164.174/eat/img/zhamoyubingfanqiemifen256.jpg', 11.5, 0, NULL, NULL),
(40, 12, '三色饭', 'B.B.Q.Beef, Chicken, Shrimp on the Rice － 越南传统美食，特制米饭配上烤牛肉，烤鸡肉，烤虾肉。', '香，鲜美', 'http://45.55.164.174/eat/img/sansefan.jpg', 'http://45.55.164.174/eat/img/sansefan256.jpg', 13.27, 0, NULL, NULL),
(41, 12, '泰式炒牛肉，鸡肉，海鲜粉', 'Pad Thai Beef, Chicken, Seafood with Rice Noodle - 泰式美食，由牛肉鸡肉与海鲜粉炒制而成。', '味香，酸甜', 'http://45.55.164.174/eat/img/taishichaoniuroujirouhaixianfen.jpg', 'http://45.55.164.174/eat/img/taishichaoniuroujirouhaixianfen256.jpg', 13.27, 0, NULL, NULL),
(42, 12, '烤鸡肉和虾檬', 'B.B.Q. Chicken and B.B.Q. Shrimp on Vermicelli - 越南特色美食。鸡肉和虾肉与檬粉烹制而成。', '味香，细腻', 'http://45.55.164.174/eat/img/kaojirouhexiameng.jpg', 'http://45.55.164.174/eat/img/kaojirouhexiameng256.jpg', 13.27, 0, NULL, NULL),
(44, 10, '凉粉', 'Green bean jelly - 凉粉调以酱油、醋、辣椒油而食，清凉爽滑，为夏季风味食品。', '清凉爽滑', 'http://45.55.164.174/eat/img/liangfen.jpg', 'http://45.55.164.174/eat/img/liangfen256.jpg', 5.3, 0, NULL, NULL),
(45, 10, '蜀味口水鸡', 'Steamed chicken with chili sauce - 口水鸡是中国四川及重庆地区汉族特色菜肴，属于川菜系中的凉菜，佐料丰富，集麻辣鲜香嫩爽于一身。 在烹制时，煮鸡用的汤料很有讲究，需要恰到好处，这样可以最大限度地保存鸡的可溶性蛋白，增加鸡肉的鲜美程度，又能具备其特有的香型和滋味。', '清凉爽滑', 'http://45.55.164.174/eat/img/koushuiji.jpg', 'http://45.55.164.174/eat/img/koushuiji256.jpg', 7.08, 0, NULL, NULL),
(46, 10, '蜀味辣子鸡', 'Peppery chicken - 辣子鸡，是一道大众喜闻乐见的美味佳肴，一般以鸡为主料，加上葱、干辣椒、花椒、盐、胡椒、味精等多种材料精制而成', '麻辣', 'http://45.55.164.174/eat/img/shanchenglaziji.jpg', 'http://45.55.164.174/eat/img/shanchenglaziji256.jpg', 13.27, 0, NULL, NULL),
(47, 10, '蜀味烧茄子', 'Braised eggplant - 烧茄子是一道汉族名菜，属于浙菜系或东北菜。咸鲜回甜、酱香浓郁。以茄子为主要食材的家常菜，营养价值丰富，味道咸鲜，容易上手。以茄子、植物油、甜面酱、白糖、酱油、精盐、味精、水淀粉、葱、姜、蒜等制作而成', '咸鲜', 'http://45.55.164.174/eat/img/hongshaoqiezi.jpg', 'http://45.55.164.174/eat/img/hongshaoqiezi256.jpg', 10.62, 0, NULL, NULL),
(48, 10, '蜀味烤鱼', 'Special Roast Fish - 烤鱼是指鱼类经过烤制之后然后进行烹饪的一种方法，这种烹调方式实现了“一烤二炖”。是烤鱼界的一次新变革。现在提到“烤鱼”大多指“川味烤鱼”。', '鲜美', 'http://45.55.164.174/eat/img/kaoyu.jpg', 'http://45.55.164.174/eat/img/kaoyu256.jpg', 40.7, 0, NULL, NULL),
(49, 10, '地三鲜', '东北地三鲜，是一道采用红烧的家常菜。此菜色泽油亮、鲜美爽口，具有止血调、健脾开胃等功效。', '鲜美', 'http://45.55.164.174/eat/img/disanxian1024.jpg', 'http://45.55.164.174/eat/img/disanxian256.jpg', 10.62, 0, NULL, NULL),
(50, 10, '红油抄手', 'Wonton with hot sesame sauce － 红油抄手是四川著名的汉族小吃。此种小吃柔嫩鲜美，汤汁微辣浓香。抄手是四川人对馄饨的称呼，馄饨在全国各地均有制作，红油抄手是最为著名的品种之一。', '香辣', 'http://45.55.164.174/eat/img/hongyouchaoshou1024.jpg', 'http://45.55.164.174/eat/img/hongyouchaoshou256.jpg', 6.19, 0, NULL, NULL),
(51, 10, '大盘鸡', '新疆大盘鸡是新疆地区名菜，来源说法多种，真实的来源已无法考究', '香辣', 'http://45.55.164.174/eat/img/dapanji1024.jpg', 'http://45.55.164.174/eat/img/dapanji256.jpg', 13.27, 0, NULL, NULL),
(52, 10, '椒盐虾', '椒盐虾是一道色香味俱全的汉族名肴，属于粤菜系。主料是海虾。', '咸辣', 'http://45.55.164.174/eat/img/jiaoyanxia1024.jpg', 'http://45.55.164.174/eat/img/jiaoyanxia256.jpg', 13.27, 0, NULL, NULL),
(53, 10, '椒盐鱿鱼', 'Crispy Squid with Spicy Salt', '咸辣', 'http://45.55.164.174/eat/img/jiaoyanyouyu1024.jpg', 'http://45.55.164.174/eat/img/jiaoyanyouyu256.jpg', 13.27, 0, NULL, NULL),
(54, 10, '米饭', 'Rice - 米饭，是中国人日常饮食中的主角之一，中国南方主食。一味米饭，与五味调配，几乎可以供给全身所需营养。', '清淡', 'http://45.55.164.174/eat/img/mifan1024.jpg', 'http://45.55.164.174/eat/img/mifan256.jpg', 0.89, 0, NULL, NULL),
(55, 13, '米饭', 'Rice - 米饭，是中国人日常饮食中的主角之一，中国南方主食。一味米饭，与五味调配，几乎可以供给全身所需营养。', '香', 'http://45.55.164.174/eat/img/mifan_juxiangyuan.jpg', 'http://45.55.164.174/eat/img/mifan_juxiangyuan256.jpg', 0.88, 0, NULL, NULL),
(56, 13, '羊肉串(5串)', 'Skewered Lamb - 正宗新疆炭火羊肉串,加孜然烧烤料', '香辣', 'http://45.55.164.174/eat/img/yangrouchuan.jpg', 'http://45.55.164.174/eat/img/yangrouchuan256.jpg', 7.08, 0, NULL, NULL),
(57, 13, '烤鸡翅(1串)', 'Chicken Wings - 炭火烤香辣鸡翅 加孜然烧烤调料', '香辣', 'http://45.55.164.174/eat/img/kaojichi_juxiangyuan.jpg', 'http://45.55.164.174/eat/img/kaojichi_juxiangyuan256.jpg', 2.65, 0, NULL, NULL),
(58, 13, '牛肉卷饼', 'Beef Wrap - 手工杆饼 裹五香牛肉加卷饼酱', '咸甜', 'http://45.55.164.174/eat/img/niuroujuanbing.jpg', 'http://45.55.164.174/eat/img/niuroujuanbing256.jpg', 6.19, 0, NULL, NULL),
(59, 13, '烤猪蹄', 'Pork Hock - 炭火烤卤香猪蹄 加孜然烧烤料', '香辣', 'http://45.55.164.174/eat/img/kaozhuti.jpg', 'http://45.55.164.174/eat/img/kaozhuti256.jpg', 4.42, 0, NULL, NULL),
(60, 13, '夫妻肺片', 'Beef Tripe & Flank with Chili & Peanut Sauce - 牛百叶五香牛肉加花生麻辣酱', '咸鲜', 'http://45.55.164.174/eat/img/fuqifeipian_juxiangyuan.jpg', 'http://45.55.164.174/eat/img/fuqifeipian_juxiangyuan256.jpg', 4.42, 0, NULL, NULL),
(61, 13, '口水鸡', 'Chicken in Chef Hot Peanut - 鲜秘制鸡腿加芝麻麻辣酱', '咸鲜', 'http://45.55.164.174/eat/img/koushuiji_juxiangyuan.jpg', 'http://45.55.164.174/eat/img/koushuiji_juxiangyuan256.jpg', 4.42, 0, NULL, NULL),
(62, 13, '五更肠旺', 'PORK INTESTINES FIRE POT - 川菜系列 辣炒朱红肥肠腰花', '咸鲜', 'http://45.55.164.174/eat/img/wugengchangfen.jpg', 'http://45.55.164.174/eat/img/wugengchangwang256.jpg', 10.61, 0, NULL, NULL),
(63, 13, '山城辣子鸡', 'Spicy Chicken - 正宗四川麻辣辣子鸡块', '咸鲜', 'http://45.55.164.174/eat/img/shanchenglaziji.jpg', 'http://45.55.164.174/eat/img/shanchenglaziji256.jpg', 10.61, 0, NULL, NULL),
(64, 13, '麻辣水煮鱼', 'Spicy Fish Filet In Hot Soup - 独家秘制底料 鱼片芽菜加红薯粉条', '香辣', 'http://45.55.164.174/eat/img/malashuizhuyupian.jpg', 'http://45.55.164.174/eat/img/malashuizhuyupian256.jpg', 13.27, 0, NULL, NULL),
(65, 13, '鱼香肉丝', 'Shredded Pork with Garlic Sauce - 木耳丝 笋丝 肉丝', '甜酸辣', 'http://45.55.164.174/eat/img/yuxiangrousi_juxiangyuan.jpg', 'http://45.55.164.174/eat/img/yuxiangrousi_juxiangyuan256.jpg', 11.5, 0, NULL, NULL),
(66, 13, '孜然羊肉', 'Lamb with Chef Cumin Sauce - 与孜然等各种作料', '香辣', 'http://45.55.164.174/eat/img/ziranyangrou.jpg', 'http://45.55.164.174/eat/img/ziranyangrou256.jpg', 12.38, 0, NULL, NULL),
(67, 13, '大盘鸡(含手擀面) ', 'Big Plate Chicken with Noodle - 鸡块土豆块加手工面烹饪 辣中有香', '香辣', 'http://45.55.164.174/eat/img/dapanji_juxiangyuan.jpg', 'http://45.55.164.174/eat/img/dapanji_juxiangyuan256.jpg', 10.61, 0, NULL, NULL),
(68, 13, '烧茄子', 'Fried Eggplant with Mushroom - 酱香浓郁 茄子木耳与各种作料制成', '咸鲜回甜', 'http://45.55.164.174/eat/img/shaoqiezi.jpg', 'http://45.55.164.174/eat/img/shaoqiezi256.jpg', 10.61, 0, NULL, NULL),
(69, 13, '干煸四季豆', 'Green Bean with Miced Pork - 猪肉末与四季豆煸炒而成', '干香辣爽', 'http://45.55.164.174/eat/img/ganbiansijidou.jpg', 'http://45.55.164.174/eat/img/ganbiansijidou256.jpg', 10.61, 0, NULL, NULL),
(70, 13, '酸辣土豆丝', 'Stir Fried Shred Potato - 常见的家常菜', '酸辣', 'http://45.55.164.174/eat/img/suanlatudousi.jpg', 'http://45.55.164.174/eat/img/suanlatudousi256.jpg', 9.73, 0, NULL, NULL),
(71, 13, '虾仁炒饭', 'Shrimp Fried Rice - 大粒虾仁与绿豌豆等翻炒而成', '鲜美可口', 'http://45.55.164.174/eat/img/xiarenchaofan.jpg', 'http://45.55.164.174/eat/img/xiarenchaofan256.jpg', 7.95, 0, NULL, NULL),
(72, 13, '鸡炒饭', 'Chicken Fried Rice - 鸡肉米饭与其他佐料翻炒而成', '鲜美可口', 'http://45.55.164.174/eat/img/jichaofan.jpg', 'http://45.55.164.174/eat/img/jichaofan256.jpg', 7.95, 0, NULL, NULL),
(73, 11, '麻辣鸡块', 'Spicy Chicken - 辣椒与炸好的鸡块烹饪而制。', '香辣', 'http://45.55.164.174/eat/img/malajikuai.jpg', 'http://45.55.164.174/eat/img/malajikuai256.jpg', 13.27, 0, NULL, NULL),
(74, 11, '孜然辣鸡翅', 'Cumin spicy chicken wings － 辣椒与鸡翅烹饪，加入佐料而制。', '鲜香', 'http://45.55.164.174/eat/img/lajichi.jpg', 'http://45.55.164.174/eat/img/lajichi256.jpg', 14.15, 0, NULL, NULL),
(75, 11, '干煸四季豆', 'Stir-fry green beans - 干煸四季豆属于川菜菜系，口味干香辣爽，开胃下酒。', '香辣', 'http://45.55.164.174/eat/img/ganbiansijidou_sanhe.jpg', 'http://45.55.164.174/eat/img/ganbiansijidou_sanhe256.jpg', 9.73, 0, NULL, NULL),
(76, 11, '米饭', 'Milk Pudding with Guihua Honey - 大米蒸熟而制\r\n。', '香', 'http://45.55.164.174/eat/img/mifan_juxiangyuan.jpg', 'http://45.55.164.174/eat/img/mifan_juxiangyuan256.jpg', 1.77, 0, NULL, NULL);

-- --------------------------------------------------------

--
-- Table structure for table `restaurants`
--

CREATE TABLE IF NOT EXISTS `restaurants` (
  `id` int(11) unsigned NOT NULL AUTO_INCREMENT,
  `name` varchar(100) NOT NULL DEFAULT '',
  `address` varchar(200) DEFAULT '',
  `postal_code` varchar(10) DEFAULT NULL,
  `telephone` varchar(30) DEFAULT NULL,
  `email` varchar(100) DEFAULT NULL,
  `description` varchar(500) DEFAULT NULL,
  `desc_short` varchar(255) DEFAULT NULL,
  `type` varchar(255) DEFAULT NULL,
  `image_url` varchar(255) DEFAULT NULL,
  `image_url_small` varchar(255) DEFAULT NULL,
  `created` datetime DEFAULT NULL,
  `modified` datetime DEFAULT NULL,
  PRIMARY KEY (`id`)
) ENGINE=InnoDB  DEFAULT CHARSET=utf8 AUTO_INCREMENT=14 ;

--
-- Dumping data for table `restaurants`
--

INSERT INTO `restaurants` (`id`, `name`, `address`, `postal_code`, `telephone`, `email`, `description`, `desc_short`, `type`, `image_url`, `image_url_small`, `created`, `modified`) VALUES
(1, 'Tao Asian Kitchen', '280 Elgin St, Ottawa', 'K2P 1M2', '+1 (613) 695-1300', 'example@yahoo.ca', 'Tao Asian Kitchen是一家颇具特色的餐馆，这里有点心，牛肉米粉！味道好不好，尝尝就知道！如果你十分喜爱中餐或者越南餐，快来下单品尝吧！', '味道好不好，尝尝就知道！如果你十分喜爱中餐或者越南餐，快来下单品尝吧！', '中餐/越南餐', 'http://45.55.164.174/eat/img/tao2.jpg', 'http://45.55.164.174/eat/img/tao1.jpg', NULL, NULL),
(2, '银座 GINZA', '280 Elgin Ottawa', 'K2P 1M2', '+1 (613) 233-2888', 'example.alirang@yahoo.ca', '以特色拉面为主打，不但推出了口味各异的十余种拉面汤，还提供生鱼片、寿司以及日本居酒屋典型的下酒菜等等。欢迎大家下单品尝！', '以特色拉面为主打，还提供生鱼片、寿司以及日本居酒屋典型的下酒菜等等。', '日餐', 'http://45.55.164.174/eat/img/ginza2.jpg', 'http://45.55.164.174/eat/img/ginza1.jpg', NULL, NULL),
(10, '蜀味烤鱼', '706 Somerset St W, Ottawa', 'K1R 6P6', '+1 (613) 695-6668', 'example@yahoo.ca', '传承巴蜀地区经典烤鱼做法，用料讲究，菜品丰富，浓郁醇香，口味正宗，营养美味。是您在渥太华能品尝到的正宗川味。', '传承巴蜀地区经典烤鱼做法，用料讲究，是您在渥太华品尝到的正宗川味。', '川菜/湘菜/粤菜', 'http://45.55.164.174/eat/img/shuwei2.png', 'http://45.55.164.174/eat/img/shuwei1.png', NULL, NULL),
(11, '三合酒家', '769 Gladstone Ave. Ottawa', 'K1R 6X4', '+1 (613) 762-7219', 'example.alirang@yahoo.ca', '服务渥太华留学生近八年三合酒家，以其美味、平价、快捷、方便的经营理念赢得了广大顾客的喜爱和支持。不论堂食或者外卖，您都能从每道菜中品尝到我们的用心，几年如一日走来，“吃好菜，到三合”已经深入大家内心。', '服务渥太华留学生近八年，“吃好菜，到三合”已经深入大家内心。', '中餐', 'http://45.55.164.174/eat/img/sanhe2.jpg', 'http://45.55.164.174/eat/img/sanhe1.jpg', NULL, NULL),
(12, '陈氏河粉', '1519 Merivale Rd, Ottawa, ON', 'K2G 3K2', '+1 (613) 226-8812', 'example.alirang@yahoo.ca', '陈氏河粉拥有舒适的环境，精美的装修。提供各种各样的越南米粉、各种海鲜烧烤， 油炸小吃品种等等。餐厅很干净整洁，业主为客户提供开放式厨房,承诺提供最健康和最美味的食物。', '业主为客户提供开放式厨房,承诺提供最健康和最美味的食物。', '中餐', 'http://45.55.164.174/eat/img/chenshihefen2.jpg', 'http://45.55.164.174/eat/img/chenshihefen1.jpg', NULL, NULL),
(13, '聚香园', '641 Somerset St W, Ottawa, ON K1R 5K1', 'K1R 5K1', '+1 (613) 321-3669', 'example.alirang@yahoo.ca', '正宗北方风味的小餐馆。聚香圆主打正宗北方风味炭火烧烤，传统风味，吃出家乡感觉。羊肉串，鸡肫，等等等等应有尽有。', '聚香圆主打正宗北方风味炭火烧烤，传统风味，吃出家乡感觉。', '中餐', 'http://45.55.164.174/eat/img/juxiangyuan2.jpg', 'http://45.55.164.174/eat/img/juxiangyuan1.jpg', NULL, NULL);

-- --------------------------------------------------------

--
-- Table structure for table `time_slots`
--

CREATE TABLE IF NOT EXISTS `time_slots` (
  `id` int(11) unsigned NOT NULL AUTO_INCREMENT,
  `restaurant_id` int(11) NOT NULL,
  `location_id` int(11) NOT NULL,
  `lunch_due` datetime DEFAULT NULL COMMENT 'due time to order today''s lunch',
  `dinner_due` datetime DEFAULT NULL,
  `lunch_delivery` datetime DEFAULT NULL COMMENT 'an approximate time that the lunch will be delivered',
  `dinner_delivery` datetime DEFAULT NULL,
  `created` datetime DEFAULT NULL,
  `modified` datetime DEFAULT NULL,
  PRIMARY KEY (`id`)
) ENGINE=InnoDB  DEFAULT CHARSET=utf8 AUTO_INCREMENT=25 ;

--
-- Dumping data for table `time_slots`
--

INSERT INTO `time_slots` (`id`, `restaurant_id`, `location_id`, `lunch_due`, `dinner_due`, `lunch_delivery`, `dinner_delivery`, `created`, `modified`) VALUES
(1, 1, 21, NULL, NULL, NULL, NULL, NULL, '2016-03-16 11:29:01'),
(9, 2, 21, NULL, NULL, NULL, NULL, NULL, '2016-03-16 11:29:01'),
(15, 10, 21, '2015-01-01 11:30:00', NULL, '2015-01-01 13:00:00', NULL, NULL, '2016-03-16 11:29:01'),
(19, 11, 21, '2015-01-01 11:30:00', NULL, '2015-01-01 13:30:00', NULL, NULL, '2016-03-16 11:29:01'),
(21, 12, 21, '2015-01-01 11:30:00', NULL, '2015-01-01 13:30:00', NULL, NULL, '2016-03-16 11:29:01'),
(24, 13, 21, NULL, NULL, NULL, NULL, NULL, '2016-03-16 11:29:01');

-- --------------------------------------------------------

--
-- Table structure for table `tokens`
--

CREATE TABLE IF NOT EXISTS `tokens` (
  `id` int(11) unsigned NOT NULL AUTO_INCREMENT,
  `customer_id` int(11) DEFAULT NULL,
  `auth_token` varchar(100) DEFAULT NULL,
  `expiration` datetime DEFAULT NULL,
  `created` datetime DEFAULT NULL,
  `modified` datetime DEFAULT NULL,
  PRIMARY KEY (`id`)
) ENGINE=InnoDB  DEFAULT CHARSET=utf8 AUTO_INCREMENT=902 ;

--
-- Dumping data for table `tokens`
--

INSERT INTO `tokens` (`id`, `customer_id`, `auth_token`, `expiration`, `created`, `modified`) VALUES
(481, 208, 'NTVkMjZmZDM5ZmVmNjRm', '2015-08-31 19:35:47', '2015-08-17 19:35:47', '2015-08-17 19:35:47'),
(482, 209, 'NTVkMjcwYjQ4OWIzYzg4', '2015-08-31 19:41:34', '2015-08-17 19:39:32', '2015-08-17 19:41:34'),
(483, 210, 'NTVkMjdiNWU3OTcxMTY5', '2015-08-31 20:25:02', '2015-08-17 20:25:02', '2015-08-17 20:25:02'),
(484, 210, 'NTVkMjdiYmYzZjU3NzA2', '2015-08-31 20:29:31', '2015-08-17 20:26:39', '2015-08-17 20:29:31'),
(485, 211, 'NTVkMjdlYzY4NmE1MTlj', '2015-09-01 08:52:15', '2015-08-17 20:39:34', '2015-08-18 08:52:15'),
(486, 213, 'NTVkM2UxMDYyZmNmNDNm', '2015-11-06 12:26:42', '2015-08-18 21:51:02', '2015-10-23 12:26:42'),
(487, 214, 'NTVkNWU1YzY5MmNkOTQx', '2015-10-05 19:36:56', '2015-08-20 10:35:50', '2015-09-21 19:36:56'),
(488, 211, 'NTVkNmE3OTZkYTc5NGUw', '2015-09-04 00:34:29', '2015-08-21 00:22:46', '2015-08-21 00:34:29'),
(489, 215, 'NTVkZGE5NjgyNTg5OGUz', '2015-09-09 07:56:24', '2015-08-26 07:56:24', '2015-08-26 07:56:24'),
(490, 216, 'NTVkZTRlYTk1MDRkNDQ3', '2015-10-29 15:03:47', '2015-08-26 19:41:29', '2015-10-15 15:03:47'),
(491, 210, 'NTVkZTRlZTdmMjk3N2Ux', '2015-09-21 17:32:27', '2015-08-26 19:42:31', '2015-09-07 17:32:27'),
(492, 211, 'NTVlNzVjNzE5YjcyYjc4', '2015-09-16 17:05:14', '2015-09-02 16:30:41', '2015-09-02 17:05:14'),
(493, 217, 'NTVlYzgyY2RiY2M5MDE2', '2015-10-22 18:35:02', '2015-09-06 14:15:41', '2015-10-08 18:35:02'),
(494, 218, 'NTVlYzgzMGIxYTQ4OGYx', '2015-09-20 14:18:59', '2015-09-06 14:16:43', '2015-09-06 14:18:59'),
(495, 219, 'NTVlYzg5OTFlOGM5OTIx', '2015-10-26 01:21:02', '2015-09-06 14:44:33', '2015-10-12 01:21:02'),
(496, 220, 'NTVlY2I5MmZiMzBiNTBj', '2015-10-19 01:05:29', '2015-09-06 18:07:43', '2015-10-05 01:05:29'),
(497, 104, 'NTVlZTAyY2ZjZGI0Zjlk', '2015-09-21 17:34:07', '2015-09-07 17:34:07', '2015-09-07 17:34:07'),
(498, 105, 'NTVlZTAzMTlhZTIzMDkw', '2015-09-21 17:35:21', '2015-09-07 17:35:21', '2015-09-07 17:35:21'),
(499, 106, 'NTVlZTAzM2NhZTk4MmU3', '2015-09-21 19:56:07', '2015-09-07 17:35:56', '2015-09-07 19:56:07'),
(500, 221, 'NTVlZTIzMDJjYmE3MWQ4', '2015-12-16 21:29:09', '2015-09-07 19:51:30', '2015-12-02 21:29:09'),
(501, 222, 'NTVlZTIzODRhNjhjYzMx', '2015-09-21 19:53:40', '2015-09-07 19:53:40', '2015-09-07 19:53:40'),
(502, 224, 'NTVlZTIzYmM4ZmQxYzY3', '2015-09-21 20:05:54', '2015-09-07 19:54:36', '2015-09-07 20:05:54'),
(503, 104, 'NTVlZTI0MzAzMDY0ZGFj', '2015-09-24 10:35:00', '2015-09-07 19:56:32', '2015-09-10 10:35:00'),
(504, 225, 'NTVlZTI0NDEzOWQxNjYw', '2015-10-01 11:15:44', '2015-09-07 19:56:49', '2015-09-17 11:15:44'),
(505, 226, 'NTVlZTI0OTkwY2IwMDc1', '2015-10-01 10:23:00', '2015-09-07 19:58:17', '2015-09-17 10:23:00'),
(506, 215, 'NTVlZTI2Mjk0NTkzMjk4', '2015-09-23 11:35:46', '2015-09-07 20:04:57', '2015-09-09 11:35:46'),
(507, 224, 'NTVmMDY2ZGNhNmMzNjgz', '2015-09-24 00:04:26', '2015-09-09 13:05:32', '2015-09-10 00:04:26'),
(508, 227, 'NTVmMTAzMjZlNjAxZjZh', '2015-09-24 00:12:22', '2015-09-10 00:12:22', '2015-09-10 00:12:22'),
(509, 208, 'NTVmMTA2MTg4OTU3OGM1', '2015-09-24 00:24:56', '2015-09-10 00:24:56', '2015-09-10 00:24:56'),
(510, 212, 'NTVmMTBiODNhMDRhMTBj', '2015-09-24 00:49:08', '2015-09-10 00:48:03', '2015-09-10 00:49:08'),
(511, 212, 'NTVmMTBiZTUzMGQ0Nzk0', '2015-09-28 09:51:54', '2015-09-10 00:49:41', '2015-09-14 09:51:54'),
(512, 228, 'NTVmMTkxODg2NjJjODMz', '2015-09-24 10:19:52', '2015-09-10 10:19:52', '2015-09-10 10:19:52'),
(513, 210, 'NTVmMTk1YTgwYzIxMjY4', '2015-09-24 10:37:28', '2015-09-10 10:37:28', '2015-09-10 10:37:28'),
(515, 210, 'NTVmMTk2NWQ1OTYyYjhh', '2015-09-24 10:42:49', '2015-09-10 10:40:29', '2015-09-10 10:42:49'),
(517, 229, 'NTVmMTk3YjA1MmI0NGE1', '2015-09-24 10:46:08', '2015-09-10 10:46:08', '2015-09-10 10:46:08'),
(518, 230, 'NTVmMTlkMmVhNTdjNDJk', '2015-11-09 09:27:06', '2015-09-10 11:09:34', '2015-10-26 09:27:06'),
(519, 231, 'NTVmMWEwZjU5ZGRhZmZj', '2015-09-24 11:25:41', '2015-09-10 11:25:41', '2015-09-10 11:25:41'),
(520, 208, 'NTVmMWFmZWVlZTAzMjdl', '2015-09-24 12:29:34', '2015-09-10 12:29:34', '2015-09-10 12:29:34'),
(521, 232, 'NTVmMWMzNzllNDBkNTIx', '2015-09-24 13:52:57', '2015-09-10 13:52:57', '2015-09-10 13:52:57'),
(522, 233, 'NTVmMWNhYWNiMzkwZjVi', '2015-09-26 02:09:28', '2015-09-10 14:23:40', '2015-09-12 02:09:28'),
(523, 234, 'NTVmMWNjNGZiNzE4NGY0', '2015-11-04 22:39:19', '2015-09-10 14:30:39', '2015-10-21 22:39:19'),
(524, 235, 'NTVmMWQ2N2EyZTJkNTU5', '2015-09-24 17:41:18', '2015-09-10 15:14:02', '2015-09-10 17:41:18'),
(525, 236, 'NTVmMWQ5MjgwZjc1N2Ey', '2015-10-19 22:52:04', '2015-09-10 15:25:28', '2015-10-05 22:52:04'),
(526, 237, 'NTVmMWU0YmJkMTA3ZmNi', '2015-09-25 21:17:10', '2015-09-10 16:14:51', '2015-09-11 21:17:10'),
(527, 211, 'NTVmMWViZWQxN2I0Nzk0', '2015-09-24 16:45:33', '2015-09-10 16:45:33', '2015-09-10 16:45:33'),
(528, 238, 'NTVmMWYwNzdiNDU4M2Q4', '2015-09-24 17:36:18', '2015-09-10 17:04:55', '2015-09-10 17:36:18'),
(529, 239, 'NTVmMWYxOTAyZjdkZTRm', '2015-09-24 17:09:52', '2015-09-10 17:09:36', '2015-09-10 17:09:52'),
(530, 239, 'NTVmMWYxYjUyNDgyNWM0', '2015-11-04 10:50:46', '2015-09-10 17:10:13', '2015-10-21 10:50:46'),
(531, 240, 'NTVmMWY1M2FlNGFhY2Zh', '2015-09-28 13:46:08', '2015-09-10 17:25:14', '2015-09-14 13:46:08'),
(532, 241, 'NTVmMWY4NzA0NmI4NmY1', '2015-09-24 18:00:41', '2015-09-10 17:38:56', '2015-09-10 18:00:41'),
(533, 242, 'NTVmMWY5NGQ5OGIyOTc0', '2015-09-24 17:42:37', '2015-09-10 17:42:37', '2015-09-10 17:42:37'),
(534, 242, 'NTVmMWY5NmQyZmUxNjdj', '2016-03-30 11:07:30', '2015-09-10 17:43:09', '2016-03-16 11:07:30'),
(535, 243, 'NTVmMjAwNjQ0NjhjODE0', '2015-09-24 18:13:54', '2015-09-10 18:12:52', '2015-09-10 18:13:54'),
(536, 244, 'NTVmMjA5NTFhNmMwYjVl', '2015-10-02 10:42:57', '2015-09-10 18:50:57', '2015-09-18 10:42:57'),
(537, 105, 'NTVmMjBhZTI4OTFiZTBj', '2015-09-24 18:57:38', '2015-09-10 18:57:38', '2015-09-10 18:57:38'),
(538, 106, 'NTVmMjBhZmQ2YzQ0ZmE2', '2015-09-24 19:06:19', '2015-09-10 18:58:05', '2015-09-10 19:06:19'),
(540, 246, 'NTVmMjRhYWI1YjY4MWVm', '2015-11-05 22:03:30', '2015-09-10 23:29:47', '2015-10-22 22:03:30'),
(541, 247, 'NTVmMjUxODIyNThhMTBk', '2015-09-24 23:59:14', '2015-09-10 23:58:58', '2015-09-10 23:59:14'),
(542, 210, 'NTVmMmZkNDYxM2M4N2Yx', '2015-09-25 12:48:40', '2015-09-11 12:11:50', '2015-09-11 12:48:40'),
(543, 248, 'NTVmMzA1MmI1ZGE1NWEw', '2015-09-25 12:49:52', '2015-09-11 12:45:31', '2015-09-11 12:49:52'),
(544, 210, 'NTVmMzA2MDMwNDgzMjdk', '2015-09-25 12:49:07', '2015-09-11 12:49:07', '2015-09-11 12:49:07'),
(546, 249, 'NTVmMzE5MzRlMGE1MTli', '2015-09-30 17:16:06', '2015-09-11 14:11:00', '2015-09-16 17:16:06'),
(547, 250, 'NTVmMzViNDFlOGJhOWY2', '2015-10-19 14:24:45', '2015-09-11 18:52:49', '2015-10-05 14:24:45'),
(548, 251, 'NTVmM2JiZTgyNWRlNjMx', '2015-09-26 01:45:12', '2015-09-12 01:45:12', '2015-09-12 01:45:12'),
(549, 210, 'NTVmNDczYTA5NGVmODQ0', '2015-09-27 21:06:25', '2015-09-12 14:49:04', '2015-09-13 21:06:25'),
(550, 252, 'NTVmNDdlNTJlZjc4NWYw', '2015-10-10 14:10:12', '2015-09-12 15:34:42', '2015-09-26 14:10:12'),
(551, 253, 'NTVmNWEzYzU4NDQ3ZWVj', '2015-11-05 16:33:49', '2015-09-13 12:26:45', '2015-10-22 16:33:49'),
(552, 254, 'NTVmNWIxMDg3YjM5MGY4', '2015-10-08 15:46:36', '2015-09-13 13:23:20', '2015-09-24 15:46:36'),
(553, 255, 'NTVmNWRlMWUxODZjNDMw', '2015-10-04 11:57:14', '2015-09-13 16:35:42', '2015-09-20 11:57:14'),
(554, 256, 'NTVmNWZhOGViOWViY2Y2', '2015-09-27 18:37:39', '2015-09-13 18:37:02', '2015-09-13 18:37:39'),
(555, 257, 'NTVmNjFjOGFlYWZkMTQ0', '2015-11-04 02:53:24', '2015-09-13 21:02:02', '2015-10-21 02:53:24'),
(556, 258, 'NTVmNjFkMDUyMjllZDU2', '2015-09-27 21:06:59', '2015-09-13 21:04:05', '2015-09-13 21:06:59'),
(558, 259, 'NTVmNjQ0ZjllNTc4YWY3', '2015-10-24 09:53:51', '2015-09-13 23:54:33', '2015-10-10 09:53:51'),
(559, 212, 'NTVmNmQxMzMxOWZlZTVi', '2015-09-28 10:30:18', '2015-09-14 09:52:51', '2015-09-14 10:30:18'),
(561, 210, 'NTVmNmRmMGExYjYxYjgw', '2015-09-28 14:10:58', '2015-09-14 10:51:54', '2015-09-14 14:10:58'),
(562, 260, 'NTVmNmVjY2Q3OWJiM2Zm', '2015-10-07 17:08:41', '2015-09-14 11:50:37', '2015-09-23 17:08:41'),
(563, 104, 'NTVmNzBkZGRjNTY3NmMy', '2015-10-01 11:07:09', '2015-09-14 14:11:41', '2015-09-17 11:07:09'),
(564, 245, 'NTVmNzVhMTY1MTMxMDVi', '2015-10-27 07:46:05', '2015-09-14 19:36:54', '2015-10-13 07:46:05'),
(565, 262, 'NTVmODU3MjYyMGQ2MWFk', '2015-11-02 10:39:23', '2015-09-15 13:36:38', '2015-10-19 10:39:23'),
(566, 264, 'NTVmOTY2NTMwOWQzMDdi', '2015-10-15 01:02:42', '2015-09-16 08:53:39', '2015-10-01 01:02:42'),
(567, 265, 'NTVmOTY5ZTQ3ZWQyMzZm', '2015-10-05 15:47:08', '2015-09-16 09:08:52', '2015-09-21 15:47:08'),
(568, 266, 'NTVmOWRjZGQwMjkxYjdi', '2015-10-12 01:28:21', '2015-09-16 17:19:25', '2015-09-28 01:28:21'),
(569, 267, 'NTVmOWRlMzE5Mzg2NGU3', '2015-11-14 02:09:02', '2015-09-16 17:25:05', '2015-10-31 02:09:02'),
(570, 268, 'NTVmOWU0YTE4MDZhZTE1', '2015-09-30 17:52:33', '2015-09-16 17:52:33', '2015-09-16 17:52:33'),
(571, 269, 'NTVmOWU3YzkyYmI4Y2U0', '2015-09-30 18:06:01', '2015-09-16 18:06:01', '2015-09-16 18:06:01'),
(572, 270, 'NTVmOWZmMjM3MjliNDYz', '2016-02-15 07:07:29', '2015-09-16 19:45:39', '2016-02-01 07:07:29'),
(573, 228, 'NTVmYTA4MzUzOWM3NjAx', '2015-09-30 20:24:21', '2015-09-16 20:24:21', '2015-09-16 20:24:21'),
(574, 271, 'NTVmYTBhZjUyMzU0MThk', '2015-10-30 14:12:33', '2015-09-16 20:36:05', '2015-10-16 14:12:33'),
(575, 211, 'NTVmYTEyNzEzZDlhOWY2', '2015-09-30 22:10:32', '2015-09-16 21:08:01', '2015-09-16 22:10:32'),
(576, 272, 'NTVmYTE5YzdiODQ2ZWQ0', '2015-11-17 09:26:20', '2015-09-16 21:39:19', '2015-11-03 09:26:20'),
(577, 273, 'NTVmYTIyOWYwOTdlYTY0', '2015-09-30 22:27:21', '2015-09-16 22:17:03', '2015-09-16 22:27:21'),
(578, 228, 'NTVmYTI0ODFlZTdjOTE3', '2015-09-30 22:25:05', '2015-09-16 22:25:05', '2015-09-16 22:25:05'),
(579, 211, 'NTVmYTI3ZDVlNjgyMzhi', '2015-10-01 00:13:57', '2015-09-16 22:39:17', '2015-09-17 00:13:57'),
(580, 274, 'NTVmYTI5MzQwYTk2YmQ2', '2015-10-05 01:11:17', '2015-09-16 22:45:08', '2015-09-21 01:11:17'),
(581, 251, 'NTVmYTJiZDhhZTJmMjNl', '2015-09-30 22:56:24', '2015-09-16 22:56:24', '2015-09-16 22:56:24'),
(582, 276, 'NTVmYTJjNTNhZDNmZjY4', '2015-11-05 22:26:52', '2015-09-16 22:58:27', '2015-10-22 22:26:52'),
(583, 277, 'NTVmYTJlYzBiMThhODIy', '2015-10-04 17:53:08', '2015-09-16 23:08:48', '2015-09-20 17:53:08'),
(584, 278, 'NTVmYTMyMDY1MmMwYjcz', '2015-09-30 23:22:46', '2015-09-16 23:22:46', '2015-09-16 23:22:46'),
(585, 279, 'NTVmYTM0OTgyZDNjNTEy', '2015-10-17 21:54:23', '2015-09-16 23:33:44', '2015-10-03 21:54:23'),
(586, 280, 'NTVmYTM4ZThhNGRjZTE5', '2015-10-09 16:41:40', '2015-09-16 23:52:08', '2015-09-25 16:41:40'),
(587, 238, 'NTVmYTNmZjI3N2ExYzdm', '2015-10-01 21:01:28', '2015-09-17 00:22:10', '2015-09-17 21:01:28'),
(588, 281, 'NTVmYTQzMTE3YWYyOTUx', '2015-10-01 00:35:29', '2015-09-17 00:35:29', '2015-09-17 00:35:29'),
(589, 282, 'NTVmYTQ1YmVhMzIxMjdj', '2015-10-02 11:23:49', '2015-09-17 00:46:54', '2015-09-18 11:23:49'),
(590, 211, 'NTVmYTQ4MzliYWNmNjU1', '2015-10-01 02:03:16', '2015-09-17 00:57:29', '2015-09-17 02:03:16'),
(591, 273, 'NTVmYWIwNzVjMWRhM2Yw', '2015-10-01 08:22:13', '2015-09-17 08:22:13', '2015-09-17 08:22:13'),
(592, 283, 'NTVmYWI4ZTM4YjI1NWFh', '2015-10-01 08:58:11', '2015-09-17 08:58:11', '2015-09-17 08:58:11'),
(593, 284, 'NTVmYWJiNTdiYTQxYTg5', '2015-10-01 09:08:39', '2015-09-17 09:08:39', '2015-09-17 09:08:39'),
(594, 285, 'NTVmYWNiZmNhYjk4MmNm', '2015-10-02 07:15:22', '2015-09-17 10:19:40', '2015-09-18 07:15:22'),
(595, 104, 'NTVmYWQ3NDE2MmU0MmE5', '2015-10-01 11:22:51', '2015-09-17 11:07:45', '2015-09-17 11:22:51'),
(596, 286, 'NTVmYWQ5NmRhZWFkNDM1', '2016-02-29 13:01:13', '2015-09-17 11:17:01', '2016-02-15 13:01:13'),
(597, 225, 'NTVmYWQ5ZTY1YzM4NWQx', '2015-11-07 14:15:33', '2015-09-17 11:19:02', '2015-10-24 14:15:33'),
(598, 210, 'NTVmYWRhZTkyOWQzYzg3', '2015-10-01 11:23:21', '2015-09-17 11:23:21', '2015-09-17 11:23:21'),
(601, 209, 'NTVmYWVkZDA2YmUxZDgz', '2015-11-09 18:26:39', '2015-09-17 12:44:00', '2015-10-26 18:26:39'),
(602, 287, 'NTVmYWY1MDA0MWRkNzI0', '2015-10-30 14:26:33', '2015-09-17 13:14:40', '2015-10-16 14:26:33'),
(603, 228, 'NTVmYWZiMzEzMGI3NGNl', '2015-10-01 13:41:05', '2015-09-17 13:41:05', '2015-09-17 13:41:05'),
(604, 288, 'NTVmYjIyYjllNWUxZjZj', '2015-10-01 16:32:16', '2015-09-17 16:29:45', '2015-09-17 16:32:16'),
(605, 288, 'NTVmYjIzNjU1MmE2MmFl', '2015-12-10 14:56:32', '2015-09-17 16:32:37', '2015-11-26 14:56:32'),
(606, 289, 'NTVmYjM5MGJlYmUxZDg0', '2015-10-29 16:08:58', '2015-09-17 18:04:59', '2015-10-15 16:08:58'),
(607, 211, 'NTVmYjRhZjc4OTc5ZGZj', '2015-10-05 00:36:07', '2015-09-17 19:21:27', '2015-09-21 00:36:07'),
(608, 290, 'NTVmYjcwZDI2MmMwYjdl', '2015-10-23 12:49:51', '2015-09-17 22:02:58', '2015-10-09 12:49:51'),
(609, 291, 'NTVmYjkzNzQyMWM0Yzk4', '2015-12-25 11:30:16', '2015-09-18 00:30:44', '2015-12-11 11:30:16'),
(610, 292, 'NTVmYmExYjA2ZDE4NGQx', '2015-11-04 15:14:12', '2015-09-18 01:31:28', '2015-10-21 15:14:12'),
(611, 293, 'NTVmYmMwOTZjN2I4M2Nl', '2015-10-30 02:24:45', '2015-09-18 03:43:18', '2015-10-16 02:24:45'),
(612, 294, 'NTVmYzBiYzU1N2JkYjQz', '2015-11-01 19:57:48', '2015-09-18 09:04:05', '2015-10-18 19:57:48'),
(613, 295, 'NTVmYzFlZWQ3NWE3NzJl', '2015-10-02 10:25:49', '2015-09-18 10:25:49', '2015-09-18 10:25:49'),
(614, 212, 'NTVmYzI2MWQ5NDk4NWZk', '2015-10-02 11:32:52', '2015-09-18 10:56:29', '2015-09-18 11:32:52'),
(615, 208, 'NTVmYzI5MjA5MDhjNzEz', '2015-10-02 11:09:20', '2015-09-18 11:09:20', '2015-09-18 11:09:20'),
(616, 261, 'NTVmYzJhYmIyMjFiMWZk', '2015-10-02 11:16:11', '2015-09-18 11:16:11', '2015-09-18 11:16:11'),
(617, 104, 'NTVmYzJlYjY2N2NiOTQ5', '2015-10-06 17:24:46', '2015-09-18 11:33:10', '2015-09-22 17:24:46'),
(618, 208, 'NTVmYzNhYjBiOTNlZDM4', '2015-10-02 12:24:16', '2015-09-18 12:24:16', '2015-09-18 12:24:16'),
(619, 296, 'NTVmYzU3ZjBkMWY4YmY3', '2015-10-09 17:56:41', '2015-09-18 14:29:04', '2015-09-25 17:56:41'),
(620, 297, 'NTVmY2UxYzkwMmYyNzg0', '2015-10-03 00:17:13', '2015-09-19 00:17:13', '2015-09-19 00:17:13'),
(621, 298, 'NTVmZDk0ZGMyMDAwZjY4', '2015-10-04 22:11:33', '2015-09-19 13:01:16', '2015-09-20 22:11:33'),
(622, 299, 'NTVmZjIyN2MyYjcwMTgy', '2015-10-04 17:17:48', '2015-09-20 17:17:48', '2015-09-20 17:17:48'),
(623, 211, 'NTVmZjg5NGRiY2JmZWFh', '2015-10-05 00:36:29', '2015-09-21 00:36:29', '2015-09-21 00:36:29'),
(624, 300, 'NTYwMDIyZjI5NTY1M2I4', '2015-10-15 08:34:29', '2015-09-21 11:32:02', '2015-10-01 08:34:29'),
(625, 273, 'NTYwMGUzMjAyNjA0ZTlh', '2015-10-06 01:14:52', '2015-09-22 01:12:00', '2015-09-22 01:14:52'),
(626, 273, 'NTYwMTdlMzZiZTU2NGNi', '2015-10-12 18:18:01', '2015-09-22 12:13:42', '2015-09-28 18:18:01'),
(627, 210, 'NTYwMWM3OGE4NTlmMDQ5', '2015-10-06 18:13:28', '2015-09-22 17:26:34', '2015-09-22 18:13:28'),
(628, 301, 'NTYwMWY1YjJhZWJhOGYz', '2015-10-17 10:00:02', '2015-09-22 20:43:30', '2015-10-03 10:00:02'),
(629, 302, 'NTYwMWY1ZjhiMzkxNzgw', '2015-10-06 20:44:40', '2015-09-22 20:44:40', '2015-09-22 20:44:40'),
(630, 304, 'NTYwMjI4ZGE2YTdkZTMz', '2015-10-07 00:21:46', '2015-09-23 00:21:46', '2015-09-23 00:21:46'),
(631, 104, 'NTYwMmI3MzIxZDg1ZWFi', '2015-10-07 11:21:29', '2015-09-23 10:29:06', '2015-09-23 11:21:29'),
(632, 210, 'NTYwMmMzOGE5ZGE1OGFh', '2015-10-07 11:21:46', '2015-09-23 11:21:46', '2015-09-23 11:21:46'),
(633, 104, 'NTYwMmMzYmQ0OGI5M2U5', '2015-10-09 11:24:50', '2015-09-23 11:22:37', '2015-09-25 11:24:50'),
(634, 305, 'NTYwMmRiNjcxMmE1ZWE5', '2015-10-07 13:03:35', '2015-09-23 13:03:35', '2015-09-23 13:03:35'),
(635, 211, 'NTYwMmY2YWI4NmIwNTY3', '2015-10-07 17:46:52', '2015-09-23 14:59:55', '2015-09-23 17:46:52'),
(636, 211, 'NTYwMzIwMjJlNzVhMGVk', '2015-10-07 17:56:50', '2015-09-23 17:56:50', '2015-09-23 17:56:50'),
(637, 211, 'NTYwNDM0NWU2ZTdkNzMw', '2015-10-09 00:57:56', '2015-09-24 13:35:26', '2015-09-25 00:57:56'),
(638, 306, 'NTYwNDljMzk2NTIzMTlj', '2015-10-18 16:29:41', '2015-09-24 20:58:33', '2015-10-04 16:29:41'),
(639, 211, 'NTYwNGQ1MTlkNGY3ZmNk', '2015-10-09 01:01:13', '2015-09-25 01:01:13', '2015-09-25 01:01:13'),
(640, 211, 'NTYwNGQ1NDBkY2M1ZWE5', '2015-10-09 03:31:01', '2015-09-25 01:01:52', '2015-09-25 03:31:01'),
(641, 307, 'NTYwNTY1MTQ5YTVmYTgy', '2015-10-09 11:25:40', '2015-09-25 11:15:32', '2015-09-25 11:25:40'),
(643, 210, 'NTYwNTY3NzEzZGQxMzdk', '2015-10-09 11:49:44', '2015-09-25 11:25:37', '2015-09-25 11:49:44'),
(644, 211, 'NTYwNTZlYjliYmM3MmQ3', '2015-10-12 12:02:30', '2015-09-25 11:56:41', '2015-09-28 12:02:30'),
(646, 210, 'NTYwNWE5MmVlNWViNjAy', '2015-10-10 12:27:23', '2015-09-25 16:06:06', '2015-09-26 12:27:23'),
(647, 228, 'NTYwNmNlMDI1NWEzNjli', '2015-10-10 12:55:30', '2015-09-26 12:55:30', '2015-09-26 12:55:30'),
(648, 308, 'NTYwN2Y4NTlkYjRiYjBi', '2015-10-15 17:16:06', '2015-09-27 10:08:25', '2015-10-01 17:16:06'),
(650, 309, 'NTYwOTViYWFiOWFlYjM3', '2015-10-19 11:23:18', '2015-09-28 11:24:26', '2015-10-05 11:23:18'),
(652, 211, 'NTYwYTA0YWMwMjUwOThk', '2015-10-12 23:26:32', '2015-09-28 23:25:32', '2015-09-28 23:26:32'),
(653, 104, 'NTYwYTA0ZjllZGY4ZWRh', '2015-10-13 12:03:22', '2015-09-28 23:26:49', '2015-09-29 12:03:22'),
(654, 211, 'NTYwYTA5ZGQ5MjliODAz', '2015-10-13 23:04:53', '2015-09-28 23:47:41', '2015-09-29 23:04:53'),
(655, 310, 'NTYwYWY0YmE5MjVmMTgw', '2015-10-13 16:29:58', '2015-09-29 16:29:46', '2015-09-29 16:29:58'),
(656, 282, 'NTYwYWZkNGUwMDU1N2Ji', '2015-10-15 10:51:13', '2015-09-29 17:06:21', '2015-10-01 10:51:13'),
(657, 208, 'NTYwYjJhOGViOWMzZmE3', '2015-10-13 20:19:26', '2015-09-29 20:19:26', '2015-09-29 20:19:26'),
(659, 211, 'NTYwYjUxYWNkODkyYmNi', '2015-10-13 23:06:20', '2015-09-29 23:06:20', '2015-09-29 23:06:20'),
(661, 211, 'NTYwYjU4M2M1MGE2NWM4', '2015-10-13 23:34:20', '2015-09-29 23:34:20', '2015-09-29 23:34:20'),
(662, 104, 'NTYwYjU4YTAyMzIzNDhj', '2015-10-13 23:58:25', '2015-09-29 23:36:00', '2015-09-29 23:58:25'),
(663, 104, 'NTYwYjVkZjM5MzMxOGIw', '2015-10-14 11:14:05', '2015-09-29 23:58:43', '2015-09-30 11:14:05'),
(664, 212, 'NTYwYmZjYmM3YTk2NWM0', '2015-10-14 11:36:45', '2015-09-30 11:16:12', '2015-09-30 11:36:45'),
(665, 210, 'NTYwYmZmNWU0NjRiYzA4', '2015-10-14 11:27:26', '2015-09-30 11:27:26', '2015-09-30 11:27:26'),
(668, 211, 'NTYwYzBmZTM3ZGNjMzEy', '2015-10-14 23:09:43', '2015-09-30 12:37:55', '2015-09-30 23:09:43'),
(669, 226, 'NTYwYzU4MzQxYzhlOTRj', '2015-10-20 09:28:01', '2015-09-30 17:46:28', '2015-10-06 09:28:01'),
(670, 311, 'NTYwY2EwNzUwNTM3OGUw', '2015-10-14 22:54:45', '2015-09-30 22:54:45', '2015-09-30 22:54:45'),
(672, 211, 'NTYwY2E0NGExMzU3MGNh', '2015-10-15 00:05:21', '2015-09-30 23:11:06', '2015-10-01 00:05:21'),
(673, 211, 'NTYwY2IyNWIxMjRhYmY2', '2015-10-15 00:11:07', '2015-10-01 00:11:07', '2015-10-01 00:11:07'),
(675, 211, 'NTYwY2I4N2UxYTJhYWY1', '2015-10-15 00:41:53', '2015-10-01 00:37:18', '2015-10-01 00:41:53'),
(677, 210, 'NTYwZGY3Mjg3M2M0Nzk0', '2015-10-16 11:26:44', '2015-10-01 23:16:56', '2015-10-02 11:26:44'),
(682, 211, 'NTYxMWEzY2Y4MWJhOWY1', '2015-10-18 18:10:23', '2015-10-04 18:10:23', '2015-10-04 18:10:23'),
(685, 228, 'NTYxMWIyYmEwNGM0NTlh', '2015-10-18 20:04:43', '2015-10-04 19:14:02', '2015-10-04 20:04:43'),
(687, 211, 'NTYxMWM1YzViZWQzMDlh', '2015-10-19 13:29:41', '2015-10-04 20:35:17', '2015-10-05 13:29:41'),
(688, 228, 'NTYxMWM5NWM4YmE4MGNj', '2015-10-18 20:50:36', '2015-10-04 20:50:36', '2015-10-04 20:50:36'),
(689, 313, 'NTYxMWRmYzY1NTIxNTdl', '2015-11-17 10:48:15', '2015-10-04 22:26:14', '2015-11-03 10:48:15'),
(690, 210, 'NTYxMmE0YzRlZWVjMjBj', '2015-10-19 13:39:48', '2015-10-05 12:26:44', '2015-10-05 13:39:48'),
(691, 104, 'NTYxMmIzOThjYjQyMjg4', '2015-11-06 11:07:29', '2015-10-05 13:30:00', '2015-10-23 11:07:29'),
(695, 210, 'NTYxM2RiMDU3ODhjMDBm', '2015-10-20 10:30:29', '2015-10-06 10:30:29', '2015-10-06 10:30:29'),
(697, 211, 'NTYxM2Y2MWI3OGUzZThh', '2015-10-26 23:58:26', '2015-10-06 12:26:03', '2015-10-12 23:58:26'),
(698, 314, 'NTYxNDlkZjQxMjk5YWU0', '2015-10-21 11:30:11', '2015-10-07 00:22:12', '2015-10-07 11:30:11'),
(699, 315, 'NTYxNTMzMWNhMmJlYTNm', '2015-11-15 20:11:21', '2015-10-07 10:58:36', '2015-11-01 20:11:21'),
(700, 316, 'NTYxNTM1MmNkYmJhM2Y3', '2015-10-28 10:12:55', '2015-10-07 11:07:24', '2015-10-14 10:12:55'),
(701, 317, 'NTYxNTNkNDQzN2FkYzI4', '2015-10-21 11:41:56', '2015-10-07 11:41:56', '2015-10-07 11:41:56'),
(702, 228, 'NTYxNmMyNDdkMTRiYjA2', '2015-10-22 15:21:43', '2015-10-08 15:21:43', '2015-10-08 15:21:43'),
(703, 211, 'NTYxYzgxOWI0NDNjNzFm', '2015-11-03 21:24:30', '2015-10-12 23:59:23', '2015-10-20 21:24:30'),
(704, 318, 'NTYyMTJhNmQxMjU1ZWJk', '2015-11-08 22:14:28', '2015-10-16 12:48:45', '2015-10-25 22:14:28'),
(705, 319, 'NTYyNWExMzA3NjY4ZGZj', '2015-11-03 16:55:29', '2015-10-19 22:04:32', '2015-10-20 16:55:29'),
(706, 216, 'NTYyNjU1ODIyZjdhM2Yw', '2015-11-11 10:45:03', '2015-10-20 10:53:54', '2015-10-28 10:45:03'),
(707, 251, 'NTYyNmQ3OGE3OGFiMjAw', '2015-11-03 20:08:42', '2015-10-20 20:08:42', '2015-10-20 20:08:42'),
(708, 211, 'NTYyOTU0ZTM0YzFkODQ0', '2015-11-05 17:28:03', '2015-10-22 17:28:03', '2015-10-22 17:28:03'),
(709, 320, 'NTYyOWI4ZjVhYjQyNDA1', '2015-11-06 10:12:15', '2015-10-23 00:35:01', '2015-10-23 10:12:15'),
(710, 211, 'NTYyOWJmYmVmMmNlMzJm', '2015-11-06 01:03:58', '2015-10-23 01:03:58', '2015-10-23 01:03:58'),
(711, 211, 'NTYyOWMwNGQ5NGIzZThk', '2015-11-06 01:06:21', '2015-10-23 01:06:21', '2015-10-23 01:06:21'),
(712, 320, 'NTYyYTQwNmI4YzYwYTc2', '2015-11-06 10:13:12', '2015-10-23 10:12:59', '2015-10-23 10:13:12'),
(713, 320, 'NTYyYTQxMjMwM2NiODJm', '2015-11-06 13:23:31', '2015-10-23 10:16:03', '2015-10-23 13:23:31'),
(714, 210, 'NTYyYTRjMzQ1OTlkOTI1', '2015-11-06 11:03:16', '2015-10-23 11:03:16', '2015-10-23 11:03:16'),
(715, 104, 'NTYyYTUxOTFkODBjYzI0', '2015-11-10 21:45:03', '2015-10-23 11:26:09', '2015-10-27 21:45:03'),
(716, 321, 'NTYyYTU1ZmRhODA4MWQ0', '2015-11-06 11:45:01', '2015-10-23 11:45:01', '2015-10-23 11:45:01'),
(717, 323, 'NTYyZTE5NjI4MTYwOTZl', '2015-11-09 08:15:30', '2015-10-26 08:15:30', '2015-10-26 08:15:30'),
(718, 228, 'NTYyZTUxNDgwZGMyNjcx', '2015-11-09 12:14:00', '2015-10-26 12:14:00', '2015-10-26 12:14:00'),
(719, 324, 'NTYzMDE3NmJjZGU4YmYw', '2015-11-10 20:31:39', '2015-10-27 20:31:39', '2015-10-27 20:31:39'),
(720, 325, 'NTYzMDI0ZmE4YjdiNjA2', '2015-11-10 21:29:30', '2015-10-27 21:29:30', '2015-10-27 21:29:30'),
(721, 212, 'NTYzMDJhM2YxMjQ5OWU1', '2015-11-10 21:51:59', '2015-10-27 21:51:59', '2015-10-27 21:51:59'),
(722, 104, 'NTYzMDJhYjQzYTAzN2Ew', '2015-11-11 10:14:00', '2015-10-27 21:53:56', '2015-10-28 10:14:00'),
(723, 212, 'NTYzMDJjMWVjMWIyOWI3', '2015-11-10 21:59:58', '2015-10-27 21:59:58', '2015-10-27 21:59:58'),
(724, 326, 'NTYzMDUyMmUyYTE1NWEw', '2015-11-11 00:42:22', '2015-10-28 00:42:22', '2015-10-28 00:42:22'),
(725, 228, 'NTYzMGQ1MmM4MGViNzA0', '2015-11-11 10:01:16', '2015-10-28 10:01:16', '2015-10-28 10:01:16'),
(726, 282, 'NTYzMGUwYjZlOTA2OWVh', '2015-12-30 11:01:30', '2015-10-28 10:50:30', '2015-12-16 11:01:30'),
(727, 104, 'NTYzMGU1MTQxY2YwODc0', '2015-11-17 11:33:03', '2015-10-28 11:09:08', '2015-11-03 11:33:03'),
(728, 328, 'NTYzMTI2OWQ0NWI5NWUy', '2015-11-11 15:48:45', '2015-10-28 15:48:45', '2015-10-28 15:48:45'),
(729, 328, 'NTYzMTI2YWZiMzM4Y2Yz', '2015-12-06 21:18:24', '2015-10-28 15:49:03', '2015-11-22 21:18:24'),
(730, 329, 'NTYzMmI0ZjVkNzc0Y2Iz', '2015-11-12 20:08:21', '2015-10-29 20:08:21', '2015-10-29 20:08:21'),
(731, 211, 'NTYzMmRhMDZhMGE1OGE0', '2015-11-23 16:34:26', '2015-10-29 22:46:30', '2015-11-09 16:34:26'),
(732, 329, 'NTYzMmVmMWY4NjQxMTVm', '2015-12-11 12:16:42', '2015-10-30 00:16:31', '2015-11-27 12:16:42'),
(733, 317, 'NTYzNTM1YzM3ZDIxMjZl', '2015-12-23 13:17:31', '2015-10-31 17:42:27', '2015-12-09 13:17:31'),
(734, 330, 'NTYzNzliYzc0MDk2ZGMw', '2015-11-16 12:22:15', '2015-11-02 12:22:15', '2015-11-02 12:22:15'),
(735, 313, 'NTYzOGQ3YWQzNmYxZDg5', '2015-12-24 10:28:31', '2015-11-03 10:50:05', '2015-12-10 10:28:31'),
(736, 104, 'NTYzOGU2MTg5MzRhZTE3', '2015-11-30 10:36:17', '2015-11-03 11:51:36', '2015-11-16 10:36:17'),
(737, 228, 'NTYzOTRlOGY1MzhmODQ1', '2015-11-23 11:39:50', '2015-11-03 19:17:19', '2015-11-09 11:39:50'),
(738, 234, 'NTYzYmIwMzgwOGY2YWI2', '2015-12-30 22:48:20', '2015-11-05 14:38:32', '2015-12-16 22:48:20'),
(739, 332, 'NTYzY2RiYzY5N2Q2NGFm', '2015-11-20 11:56:38', '2015-11-06 11:56:38', '2015-11-06 11:56:38'),
(740, 333, 'NTYzZWIwMTlkOWM2M2Ni', '2015-11-21 21:14:49', '2015-11-07 21:14:49', '2015-11-07 21:14:49'),
(741, 334, 'NTYzZWUzMTIwNjllZDNi', '2015-11-22 00:52:18', '2015-11-08 00:52:18', '2015-11-08 00:52:18'),
(742, 335, 'NTYzZmI3MmI2NWQ0MDhj', '2015-11-22 15:57:15', '2015-11-08 15:57:15', '2015-11-08 15:57:15'),
(743, 336, 'NTY0MjU5YWE2ZWU4ZmRl', '2015-11-24 15:55:06', '2015-11-10 15:55:06', '2015-11-10 15:55:06'),
(744, 336, 'NTY0MjU5YzUyMWJmNjQ1', '2015-12-10 11:35:46', '2015-11-10 15:55:33', '2015-11-26 11:35:46'),
(745, 272, 'NTY0MzVjY2NjYTc4N2Vl', '2016-01-19 00:10:33', '2015-11-11 10:20:44', '2016-01-05 00:10:33'),
(746, 228, 'NTY0MzVkMmEyNjE3NmM0', '2015-12-03 10:06:56', '2015-11-11 10:22:18', '2015-11-19 10:06:56'),
(747, 211, 'NTY0NDViNzA1YzA5N2Uz', '2015-11-26 18:54:14', '2015-11-12 04:27:12', '2015-11-12 18:54:14'),
(748, 216, 'NTY0NjBhODRjNjg0ZDlk', '2015-11-30 10:03:24', '2015-11-13 11:06:28', '2015-11-16 10:03:24'),
(749, 212, 'NTY0NjBhYzI1Y2Q2YWI2', '2015-11-30 10:36:07', '2015-11-13 11:07:30', '2015-11-16 10:36:07'),
(750, 211, 'NTY0OTE3Yjk2OGQxMjYz', '2015-11-29 18:39:37', '2015-11-15 18:39:37', '2015-11-15 18:39:37'),
(751, 211, 'NTY0OTE3YmI5OTFlYjM3', '2015-11-29 18:39:39', '2015-11-15 18:39:39', '2015-11-15 18:39:39'),
(752, 211, 'NTY0OTE3YmZiYjQ0OTk1', '2015-11-29 18:39:43', '2015-11-15 18:39:43', '2015-11-15 18:39:43'),
(753, 211, 'NTY0OTE3YzBiOTgxZjg0', '2015-11-29 18:39:44', '2015-11-15 18:39:44', '2015-11-15 18:39:44'),
(754, 211, 'NTY0OTE3YzIyNjZjZjFi', '2015-11-29 18:39:46', '2015-11-15 18:39:46', '2015-11-15 18:39:46'),
(755, 211, 'NTY0OTE3ZDNjMWY1MDll', '2015-11-29 18:40:03', '2015-11-15 18:40:03', '2015-11-15 18:40:03'),
(756, 211, 'NTY0OTE4MWVlYWZiNDIz', '2015-11-29 18:41:18', '2015-11-15 18:41:18', '2015-11-15 18:41:18'),
(757, 211, 'NTY0OTE4MzUyMzFjZjI2', '2015-11-29 18:41:41', '2015-11-15 18:41:41', '2015-11-15 18:41:41'),
(758, 211, 'NTY0OTE4NTA2NDM5NmY2', '2015-11-29 18:42:08', '2015-11-15 18:42:08', '2015-11-15 18:42:08'),
(759, 211, 'NTY0OTE4NTFiODBjMTI4', '2015-11-29 18:42:09', '2015-11-15 18:42:09', '2015-11-15 18:42:09'),
(760, 211, 'NTY0OTE4NTI4YzdiYjM4', '2015-11-29 18:42:10', '2015-11-15 18:42:10', '2015-11-15 18:42:10'),
(761, 211, 'NTY0OTE4NTJjYTUwNTUw', '2015-11-29 18:42:10', '2015-11-15 18:42:10', '2015-11-15 18:42:10'),
(762, 211, 'NTY0OTE4NTJmMzAxMjY2', '2015-11-29 18:42:10', '2015-11-15 18:42:10', '2015-11-15 18:42:10'),
(763, 211, 'NTY0OTE4NTMzMmMxODdm', '2015-11-29 18:42:11', '2015-11-15 18:42:11', '2015-11-15 18:42:11'),
(764, 211, 'NTY0OTE4NTRlN2UxNTk3', '2015-11-29 18:42:12', '2015-11-15 18:42:12', '2015-11-15 18:42:12'),
(765, 211, 'NTY0OTE4NTYyMmI3OGUy', '2015-11-29 18:42:14', '2015-11-15 18:42:14', '2015-11-15 18:42:14'),
(766, 211, 'NTY0OTE4NjFiZWMwNjVm', '2015-11-29 18:42:25', '2015-11-15 18:42:25', '2015-11-15 18:42:25'),
(767, 211, 'NTY0OTE4NjhhYTg5ODAx', '2015-11-29 18:42:32', '2015-11-15 18:42:32', '2015-11-15 18:42:32'),
(768, 211, 'NTY0OTE4OThkNThmZDQ4', '2015-11-29 18:43:20', '2015-11-15 18:43:20', '2015-11-15 18:43:20'),
(769, 211, 'NTY0OTE5YjBlYmMyYjc5', '2015-11-29 18:48:00', '2015-11-15 18:48:00', '2015-11-15 18:48:00'),
(770, 211, 'NTY0OTFhNDNmMWUxMjVl', '2015-11-30 01:46:30', '2015-11-15 18:50:27', '2015-11-16 01:46:30'),
(771, 290, 'NTY0OTdlMGY4NTMwNDI4', '2015-11-30 13:39:38', '2015-11-16 01:56:15', '2015-11-16 13:39:38'),
(772, 104, 'NTY0OWY4ZWEwZDUxNDgw', '2015-11-30 10:40:26', '2015-11-16 10:40:26', '2015-11-16 10:40:26'),
(773, 104, 'NTY0OWY5OGUwODg1YzAx', '2015-11-30 19:45:23', '2015-11-16 10:43:10', '2015-11-16 19:45:23'),
(774, 216, 'NTY0YTAxYTgxZTEzNzg0', '2015-11-30 20:21:31', '2015-11-16 11:17:44', '2015-11-16 20:21:31'),
(775, 104, 'NTY0YTg5NWY4NjVlOTNl', '2015-12-01 10:53:35', '2015-11-16 20:56:47', '2015-11-17 10:53:35'),
(776, 211, 'NTY0YWE0NTA2Mjg3ZmU4', '2015-11-30 22:56:06', '2015-11-16 22:51:44', '2015-11-16 22:56:06'),
(777, 211, 'NTY0YWE2N2JkMTdjNDMy', '2015-12-06 20:28:59', '2015-11-16 23:00:59', '2015-11-22 20:28:59'),
(778, 212, 'NTY0YjNjODgwOGVhMGVj', '2015-12-01 09:41:12', '2015-11-17 09:41:12', '2015-11-17 09:41:12'),
(779, 104, 'NTY0YjRkYzhhZDEyOTc1', '2015-12-03 20:06:28', '2015-11-17 10:54:48', '2015-11-19 20:06:28'),
(780, 337, 'NTY0ZDAwZThhYTQyZDg3', '2015-12-02 17:51:20', '2015-11-18 17:51:20', '2015-11-18 17:51:20'),
(781, 337, 'NTY0ZDAwZmMxZWViYTI1', '2015-12-15 07:01:26', '2015-11-18 17:51:40', '2015-12-01 07:01:26'),
(782, 228, 'NTY0ZGY3NmI5MjA5MGY1', '2015-12-03 11:46:27', '2015-11-19 11:23:07', '2015-11-19 11:46:27'),
(783, 210, 'NTY0ZTQyOWZmMDVhM2Vm', '2015-12-03 22:52:53', '2015-11-19 16:43:59', '2015-11-19 22:52:53'),
(784, 228, 'NTY0ZTRmNGVlNjJiNzBh', '2015-12-04 16:54:39', '2015-11-19 17:38:06', '2015-11-20 16:54:39'),
(785, 338, 'NTY0ZTdhMjY0MGU4Y2Q4', '2015-12-03 20:40:54', '2015-11-19 20:40:54', '2015-11-19 20:40:54'),
(786, 339, 'NTY0ZThhZjA2YjdiNjAy', '2015-12-03 21:52:32', '2015-11-19 21:52:32', '2015-11-19 21:52:32'),
(787, 339, 'NTY0ZThiMGM3ZDYzOWEx', '2016-01-01 20:51:42', '2015-11-19 21:53:00', '2015-12-18 20:51:42'),
(788, 104, 'NTY0ZThiOGRjOTM0MThl', '2015-12-03 22:43:28', '2015-11-19 21:55:09', '2015-11-19 22:43:28'),
(789, 340, 'NTY0ZTkwOTA5NjJmODQy', '2015-12-03 22:16:32', '2015-11-19 22:16:32', '2015-11-19 22:16:32'),
(790, 340, 'NTY0ZTkwYTI0MzU2NmIy', '2015-12-03 22:16:50', '2015-11-19 22:16:50', '2015-11-19 22:16:50'),
(791, 104, 'NTY0ZTk5MmRmMTJlZjNh', '2015-12-07 09:57:21', '2015-11-19 22:53:17', '2015-11-23 09:57:21'),
(792, 341, 'NTY0ZjM5MzUyM2UwODVi', '2015-12-04 10:16:05', '2015-11-20 10:16:05', '2015-11-20 10:16:05'),
(793, 341, 'NTY0ZjM5NGI2MzZhMGVi', '2016-02-24 10:32:13', '2015-11-20 10:16:27', '2016-02-10 10:32:13'),
(794, 342, 'NTY1MTY3NTUzOTg4YTAy', '2015-12-06 01:57:25', '2015-11-22 01:57:25', '2015-11-22 01:57:25'),
(795, 342, 'NTY1MTY3NzE4ZTE4ZGRh', '2016-02-10 15:05:52', '2015-11-22 01:57:53', '2016-01-27 15:05:52'),
(796, 239, 'NTY1MjczMDhlNWQ0Mzk0', '2015-12-06 20:59:36', '2015-11-22 20:59:36', '2015-11-22 20:59:36'),
(797, 211, 'NTY1MmI0ZjM0NjU0ZGJj', '2015-12-07 01:40:51', '2015-11-23 01:40:51', '2015-11-23 01:40:51'),
(798, 211, 'NTY1MmI2Y2Q2OTBhYTQw', '2015-12-07 02:02:58', '2015-11-23 01:48:45', '2015-11-23 02:02:58'),
(799, 211, 'NTY1MmJhNDM1MzlmZDg3', '2015-12-07 02:07:21', '2015-11-23 02:03:31', '2015-11-23 02:07:21'),
(800, 211, 'NTY1MmJiMzhkMzg3YmM4', '2015-12-07 02:11:27', '2015-11-23 02:07:36', '2015-11-23 02:11:27'),
(801, 211, 'NTY1MmJjMmJlZjA0N2I2', '2015-12-07 02:23:49', '2015-11-23 02:11:39', '2015-11-23 02:23:49'),
(802, 211, 'NTY1MmJmZjQ0MDQ2M2I1', '2015-12-07 02:28:05', '2015-11-23 02:27:48', '2015-11-23 02:28:05'),
(803, 211, 'NTY1MmMwMWIwODEwNTUx', '2015-12-07 02:30:39', '2015-11-23 02:28:27', '2015-11-23 02:30:39'),
(804, 211, 'NTY1MmM5ZDNhYmE2OGI0', '2015-12-07 03:09:55', '2015-11-23 03:09:55', '2015-11-23 03:09:55'),
(805, 211, 'NTY1MmNhNjI1NjE4YWQ2', '2015-12-07 03:14:14', '2015-11-23 03:12:18', '2015-11-23 03:14:14'),
(806, 211, 'NTY1MmNmYzViYWUxZTZi', '2015-12-07 03:36:57', '2015-11-23 03:35:17', '2015-11-23 03:36:57'),
(807, 211, 'NTY1MmQxMTI0YWNkNDI2', '2015-12-07 13:06:34', '2015-11-23 03:40:50', '2015-11-23 13:06:34'),
(808, 104, 'NTY1MzQ1NWU5MTBkNDIx', '2015-12-09 10:45:57', '2015-11-23 11:57:02', '2015-11-25 10:45:57'),
(809, 343, 'NTY1MzViZjM2Njc3NGJm', '2015-12-07 13:33:23', '2015-11-23 13:33:23', '2015-11-23 13:33:23'),
(810, 343, 'NTY1MzVjMGQ5NjQwNTUx', '2015-12-07 13:33:49', '2015-11-23 13:33:49', '2015-11-23 13:33:49'),
(811, 345, 'NTY1Mzc1MTk5MTIyMzZm', '2015-12-07 15:20:41', '2015-11-23 15:20:41', '2015-11-23 15:20:41'),
(812, 346, 'NTY1Mzc3MWZlMDRkNDIw', '2015-12-07 15:29:19', '2015-11-23 15:29:19', '2015-11-23 15:29:19'),
(813, 347, 'NTY1MzdhOGIxZTEwMzc2', '2015-12-07 15:49:02', '2015-11-23 15:43:55', '2015-11-23 15:49:02'),
(814, 348, 'NTY1MzdjN2Y0Y2YzZWE2', '2015-12-07 16:07:59', '2015-11-23 15:52:15', '2015-11-23 16:07:59'),
(815, 348, 'NTY1MzgxZDgwNWI5NGU2', '2015-12-07 16:18:53', '2015-11-23 16:15:04', '2015-11-23 16:18:53'),
(816, 348, 'NTY1Mzg4YTQ2MTYwODVh', '2015-12-07 17:09:19', '2015-11-23 16:44:04', '2015-11-23 17:09:19'),
(817, 348, 'NTY1MzkwMjAzYjg4OGRk', '2015-12-07 17:17:08', '2015-11-23 17:16:00', '2015-11-23 17:17:08'),
(818, 348, 'NTY1MzkwZjhmMjUyNTdk', '2015-12-07 17:21:02', '2015-11-23 17:19:36', '2015-11-23 17:21:02'),
(819, 348, 'NTY1Mzk5ZTNjZTljYzFl', '2015-12-07 17:57:39', '2015-11-23 17:57:39', '2015-11-23 17:57:39'),
(820, 348, 'NTY1MzlhMWU3NzA3MmJl', '2015-12-07 18:00:34', '2015-11-23 17:58:38', '2015-11-23 18:00:34'),
(821, 348, 'NTY1MzlhYmVjZjI4YmQ5', '2015-12-07 18:05:07', '2015-11-23 18:01:18', '2015-11-23 18:05:07'),
(822, 348, 'NTY1MzliYmE2Yzk2MWNj', '2015-12-07 18:09:56', '2015-11-23 18:05:30', '2015-11-23 18:09:56'),
(823, 348, 'NTY1MzljZDlhMzhjNjI2', '2015-12-07 18:11:04', '2015-11-23 18:10:17', '2015-11-23 18:11:04'),
(824, 348, 'NTY1MzlkMjA0YjYxOTc3', '2015-12-07 18:14:13', '2015-11-23 18:11:28', '2015-11-23 18:14:13'),
(825, 348, 'NTY1MzllMTc1NGE0Zjlh', '2015-12-07 18:18:34', '2015-11-23 18:15:35', '2015-11-23 18:18:34'),
(826, 348, 'NTY1M2UxZTYwZjhjZjE5', '2015-12-07 23:33:45', '2015-11-23 23:04:54', '2015-11-23 23:33:45'),
(827, 348, 'NTY1M2Y3NzllYTljYTFj', '2015-12-08 00:37:50', '2015-11-24 00:36:57', '2015-11-24 00:37:50'),
(828, 348, 'NTY1M2Y3YmUzNTM3NWM4', '2015-12-08 00:38:43', '2015-11-24 00:38:06', '2015-11-24 00:38:43'),
(829, 348, 'NTY1M2Y3ZmE4YTIyZDc4', '2015-12-08 00:42:48', '2015-11-24 00:39:06', '2015-11-24 00:42:48'),
(830, 348, 'NTY1M2Y5MWVmMGM2ZWJi', '2015-12-08 23:55:16', '2015-11-24 00:43:58', '2015-11-24 23:55:16'),
(831, 349, 'NTY1NDc2OTE4MWI3OGMz', '2015-12-08 09:39:13', '2015-11-24 09:39:13', '2015-11-24 09:39:13'),
(832, 349, 'NTY1NDc2YWEzM2U1N2Iw', '2016-01-28 21:22:10', '2015-11-24 09:39:38', '2016-01-14 21:22:10'),
(833, 348, 'NTY1NWRkOTk0ZTk2OGIz', '2015-12-09 11:35:40', '2015-11-25 11:11:05', '2015-11-25 11:35:40'),
(834, 228, 'NTY1NWVhZmVjOWEzMzk1', '2015-12-15 09:52:28', '2015-11-25 12:08:14', '2015-12-01 09:52:28'),
(835, 348, 'NTY1NWViZGJhZmJkMTI3', '2015-12-09 12:11:55', '2015-11-25 12:11:55', '2015-11-25 12:11:55'),
(836, 212, 'NTY1NWVlZGQ4MTNkMjI3', '2015-12-10 09:58:27', '2015-11-25 12:24:45', '2015-11-26 09:58:27'),
(837, 210, 'NTY1NWVmMTBkZDg1M2Jm', '2015-12-10 10:51:24', '2015-11-25 12:25:36', '2015-11-26 10:51:24'),
(838, 348, 'NTY1NjIzYjE5ODY1Mjll', '2015-12-09 16:10:09', '2015-11-25 16:10:09', '2015-11-25 16:10:09'),
(839, 348, 'NTY1NjMzOGNkOThiZjEw', '2015-12-09 17:42:11', '2015-11-25 17:17:48', '2015-11-25 17:42:11'),
(840, 348, 'NTY1Njc3MWE3MDJhM2Y1', '2015-12-14 16:11:57', '2015-11-25 22:06:02', '2015-11-30 16:11:57'),
(841, 104, 'NTY1NzFlMjg4YzdjNzE1', '2015-12-10 10:39:45', '2015-11-26 09:58:48', '2015-11-26 10:39:45'),
(842, 104, 'NTY1NzJhYWM5ZmUzZThh', '2015-12-11 09:57:05', '2015-11-26 10:52:12', '2015-11-27 09:57:05'),
(843, 212, 'NTY1NzMyNGM1ZDYzZGE2', '2015-12-11 10:48:24', '2015-11-26 11:24:44', '2015-11-27 10:48:24'),
(844, 104, 'NTY1ODdiNjYxYTIyNDcy', '2015-12-11 10:48:54', '2015-11-27 10:48:54', '2015-11-27 10:48:54'),
(845, 104, 'NTY1ODdkNWJjNDYwMDUz', '2015-12-18 10:36:36', '2015-11-27 10:57:15', '2015-12-04 10:36:36'),
(846, 348, 'NTY1ZDIyZWU0ODBjMDEz', '2015-12-14 23:32:46', '2015-11-30 23:32:46', '2015-11-30 23:32:46'),
(847, 348, 'NTY1ZDI4NTdmMGYxNjY4', '2015-12-14 23:55:51', '2015-11-30 23:55:51', '2015-11-30 23:55:51'),
(848, 348, 'NTY1ZDY2OGU0NjNlMTMw', '2015-12-15 04:26:42', '2015-12-01 04:21:18', '2015-12-01 04:26:42'),
(849, 348, 'NTY1ZDZkNTNlYzE3M2M3', '2015-12-15 04:50:11', '2015-12-01 04:50:11', '2015-12-01 04:50:11'),
(850, 348, 'NTY1ZDcwYzFjODczOTU0', '2015-12-15 12:09:26', '2015-12-01 05:04:49', '2015-12-01 12:09:26'),
(851, 228, 'NTY1ZGI1NDBjOGY5NmYw', '2015-12-15 09:57:04', '2015-12-01 09:57:04', '2015-12-01 09:57:04'),
(852, 348, 'NTY1ZTFkZDg5M2Y4YmU1', '2015-12-15 17:28:59', '2015-12-01 17:23:20', '2015-12-01 17:28:59'),
(853, 348, 'NTY1ZTIwNGFjYWEwYjY1', '2015-12-15 17:33:46', '2015-12-01 17:33:46', '2015-12-01 17:33:46'),
(854, 348, 'NTY1ZTIwZWE3YWMwMzU2', '2015-12-15 22:52:09', '2015-12-01 17:36:26', '2015-12-01 22:52:09'),
(855, 348, 'NTY1ZTcxOTUzYTYwZDVk', '2015-12-15 23:20:37', '2015-12-01 23:20:37', '2015-12-01 23:20:37'),
(856, 348, 'NTY1ZTc1MTBkOTZmOTRi', '2015-12-15 23:45:19', '2015-12-01 23:35:28', '2015-12-01 23:45:19'),
(857, 348, 'NTY1ZTc4N2FlMzhiMWZl', '2015-12-16 00:05:12', '2015-12-01 23:50:02', '2015-12-02 00:05:12'),
(858, 348, 'NTY1ZTdjNzdjMmEyMzhk', '2015-12-16 01:36:26', '2015-12-02 00:07:03', '2015-12-02 01:36:26'),
(859, 348, 'NTY1ZTk0OGQzZWNiMWZl', '2015-12-16 02:12:15', '2015-12-02 01:49:49', '2015-12-02 02:12:15'),
(860, 348, 'NTY1ZmUyNmYyMmJkZjM5', '2015-12-17 03:38:41', '2015-12-03 01:34:23', '2015-12-03 03:38:41'),
(861, 348, 'NTY2MDAwYzI3YWZmODRh', '2015-12-17 03:44:51', '2015-12-03 03:43:46', '2015-12-03 03:44:51'),
(862, 348, 'NTY2MDAzOTY1MWFmMzQw', '2015-12-17 03:55:50', '2015-12-03 03:55:50', '2015-12-03 03:55:50'),
(863, 348, 'NTY2MDY3ZThhMDdkZDNi', '2015-12-17 20:03:07', '2015-12-03 11:03:52', '2015-12-03 20:03:07'),
(864, 348, 'NTY2MTBjNWFhN2U4MGNj', '2015-12-20 22:57:27', '2015-12-03 22:45:30', '2015-12-06 22:57:27'),
(865, 351, 'NTY2MWI4MTkzMTk1OWE2', '2015-12-18 10:58:17', '2015-12-04 10:58:17', '2015-12-04 10:58:17'),
(866, 351, 'NTY2MWI4MmNlYmUxMzg5', '2016-01-10 14:50:02', '2015-12-04 10:58:36', '2015-12-27 14:50:02'),
(867, 212, 'NTY2MWJkNzE2N2ExNzY0', '2015-12-18 11:21:05', '2015-12-04 11:21:05', '2015-12-04 11:21:05'),
(868, 104, 'NTY2MWJlMjg2MTRlYjM2', '2015-12-28 11:37:48', '2015-12-04 11:24:08', '2015-12-14 11:37:48'),
(869, 348, 'NTY2NzhkMGZlYjA5Y2Yx', '2015-12-22 21:08:15', '2015-12-08 21:08:15', '2015-12-08 21:08:15'),
(870, 352, 'NTY2N2QwY2RiOTQ1OGM2', '2015-12-23 01:57:17', '2015-12-09 01:57:17', '2015-12-09 01:57:17'),
(871, 352, 'NTY2N2QwZGU3ODAwNjU2', '2015-12-23 01:57:34', '2015-12-09 01:57:34', '2015-12-09 01:57:34'),
(872, 258, 'NTY2OTAxMzA3OTNmMTY1', '2016-01-14 15:17:37', '2015-12-09 23:36:00', '2015-12-31 15:17:37'),
(873, 274, 'NTY2OTk4MzA4ZDI2OWM4', '2015-12-25 09:33:29', '2015-12-10 10:20:16', '2015-12-11 09:33:29'),
(874, 208, 'NTY2Y2M4MjkwYzBjZjM4', '2015-12-26 20:21:45', '2015-12-12 20:21:45', '2015-12-12 20:21:45'),
(875, 348, 'NTY2ZTMzMTE1OWQxNTcz', '2015-12-29 02:16:15', '2015-12-13 22:10:09', '2015-12-15 02:16:15'),
(876, 208, 'NTY2ZTU1NzlkMTA5MGRk', '2015-12-28 00:36:57', '2015-12-14 00:36:57', '2015-12-14 00:36:57'),
(877, 208, 'NTY2ZTU3ZDg4ZGQ3YWUz', '2015-12-28 00:47:04', '2015-12-14 00:47:04', '2015-12-14 00:47:04'),
(878, 208, 'NTY2ZTU4ZTIzZDQ2OWI5', '2015-12-28 00:51:30', '2015-12-14 00:51:30', '2015-12-14 00:51:30'),
(879, 104, 'NTY2ZWY3YTQyZTUxMGFm', '2016-01-01 10:37:48', '2015-12-14 12:08:52', '2015-12-18 10:37:48'),
(880, 212, 'NTY3MDZhN2YyY2ZiZTBi', '2016-01-01 11:07:30', '2015-12-15 14:31:11', '2015-12-18 11:07:30'),
(881, 348, 'NTY3MDZkYTA1M2UwYTY2', '2016-01-16 23:49:47', '2015-12-15 14:44:32', '2016-01-02 23:49:47'),
(882, 228, 'NTY3MTkzMGZiYTA0MWI0', '2015-12-30 11:36:31', '2015-12-16 11:36:31', '2015-12-16 11:36:31'),
(883, 228, 'NTY3MTljYzBhZTcyODkz', '2015-12-30 12:17:52', '2015-12-16 12:17:52', '2015-12-16 12:17:52'),
(884, 228, 'NTY3MWE0NmVjYTdkOTI0', '2015-12-30 12:50:38', '2015-12-16 12:50:38', '2015-12-16 12:50:38'),
(885, 104, 'NTY3NDJmNTZjODRhOGZm', '2016-01-25 11:50:21', '2015-12-18 11:07:50', '2016-01-11 11:50:21'),
(886, 348, 'NTY4ZGY3MzdkZmI4MWVl', '2016-03-26 22:00:42', '2016-01-07 00:27:19', '2016-03-12 22:00:42'),
(887, 212, 'NTY4ZWI4Njk0OTIzZThj', '2016-01-25 11:50:23', '2016-01-07 14:11:37', '2016-01-11 11:50:23'),
(888, 258, 'NTY5MTE2YTJiNzE5MmRl', '2016-03-14 14:30:45', '2016-01-09 09:18:10', '2016-02-29 14:30:45'),
(889, 234, 'NTY5MWQ1NjkyMGIyZjkz', '2016-03-14 17:58:35', '2016-01-09 22:52:09', '2016-02-29 17:58:35'),
(890, 352, 'NTY5MmZmZjEyZGM3ZWM5', '2016-01-29 01:58:12', '2016-01-10 20:05:53', '2016-01-15 01:58:12'),
(891, 104, 'NTY5M2RkZTIxYmRlNDMy', '2016-01-25 22:42:11', '2016-01-11 11:52:50', '2016-01-11 22:42:11'),
(892, 104, 'NTY5NTI5YThmMDM5MGRj', '2016-02-25 23:28:46', '2016-01-12 11:28:24', '2016-02-11 23:28:46'),
(893, 355, 'NTZhZTliYWEyODU0MDhi', '2016-02-14 18:41:30', '2016-01-31 18:41:30', '2016-01-31 18:41:30'),
(894, 356, 'NTZhZmNmZTUzOGJiYjA3', '2016-02-24 10:37:29', '2016-02-01 16:36:37', '2016-02-10 10:37:29'),
(895, 275, 'NTZiMmE4MTdlNmVkMDJh', '2016-03-03 09:26:25', '2016-02-03 20:23:35', '2016-02-18 09:26:25'),
(896, 338, 'NTZjMGI1ZjM5NDRiNGZm', '2016-02-28 12:14:46', '2016-02-14 12:14:27', '2016-02-14 12:14:46'),
(897, 317, 'NTZkODVlMDc1ZWVjNTE4', '2016-03-17 10:53:43', '2016-03-03 10:53:43', '2016-03-03 10:53:43'),
(898, 300, 'NTZkODYzMmMwMzIyYjg0', '2016-03-24 13:00:33', '2016-03-03 11:15:40', '2016-03-10 13:00:33'),
(899, 104, 'NTZkOWJlNjU1NzIyZjgw', '2016-03-30 11:32:43', '2016-03-04 11:57:09', '2016-03-16 11:32:43'),
(900, 358, 'NTZkYzgxNTg2NWE0NTkx', '2016-03-20 14:13:28', '2016-03-06 14:13:28', '2016-03-06 14:13:28'),
(901, 242, 'NTZlOTc2ZmRlZmY3NmMx', '2016-03-30 17:25:31', '2016-03-16 11:08:45', '2016-03-16 17:25:31');

-- --------------------------------------------------------

--
-- Table structure for table `users`
--

CREATE TABLE IF NOT EXISTS `users` (
  `id` int(11) unsigned NOT NULL AUTO_INCREMENT,
  `restaurant_id` int(11) NOT NULL,
  `username` varchar(100) NOT NULL DEFAULT '',
  `password` varchar(200) NOT NULL DEFAULT '',
  `role` varchar(50) NOT NULL DEFAULT 'boss',
  `bio` text,
  `created` datetime DEFAULT NULL,
  `modified` datetime DEFAULT NULL,
  PRIMARY KEY (`id`)
) ENGINE=InnoDB  DEFAULT CHARSET=utf8 AUTO_INCREMENT=9 ;

--
-- Dumping data for table `users`
--

INSERT INTO `users` (`id`, `restaurant_id`, `username`, `password`, `role`, `bio`, `created`, `modified`) VALUES
(4, 1, 'tao', '4da019504fcf2fc86cfa8181cc4bfde8c85927be', 'boss', NULL, '2015-06-03 18:47:48', '2015-06-03 18:47:48'),
(5, 2, 'ginza', '775a6f20eb1ff403a8e9174d9456c8de65cb4fd2', 'boss', NULL, '2015-06-03 18:49:05', '2015-06-03 18:49:05'),
(6, 10, 'shuwei', '93b887938df19f9b5a4932138de78f260deaf09f', 'boss', NULL, '2015-06-03 18:49:21', '2015-06-03 18:49:21'),
(7, 11, 'sanhe', '24fd35c6a8915cce48da455782ec35c742b8bffa', 'boss', NULL, '2015-08-04 21:57:09', '2015-08-04 21:57:09'),
(8, 12, 'chenshinoodle', 'e26fbb50e5087fde75de1b6be7ef69078ae69089', 'boss', NULL, '2015-08-04 22:56:14', '2015-08-04 22:56:14');

/*!40101 SET CHARACTER_SET_CLIENT=@OLD_CHARACTER_SET_CLIENT */;
/*!40101 SET CHARACTER_SET_RESULTS=@OLD_CHARACTER_SET_RESULTS */;
/*!40101 SET COLLATION_CONNECTION=@OLD_COLLATION_CONNECTION */;
